/**
    @@@@   @@     @@    @@@@    @@@@@	 @@@@@
	 @@    @@@@   @@   @@	   @@	@@   @@ @@     
	 @@    @@ @@  @@   @@	   @@   @@	 @@@@@ 
	 @@    @@  @@ @@   @@	   @@	@@	 @@ @@
    @@@@   @@   @@@@    @@@@    @@@@@    @@ @@
**/

/**********************************************************************
 **********************************************************************
 * Instituto Nacional de la Colonia Cuidad Obrera de Apopa (INCOA)    *
 * © COPYRIGHT 2020 TODOS LOS DERECHOS RESERVADOS                     *
 **********************************************************************
 * INTEGRANTES:
 ********************************************************************** 
 * -> RONALD HERIBERTO ABARCA RIVAS       *    25 - 1599 - 2019       *
 * -> LUIS ANTONIO LEON ANAYA             *    25 - 0645 - 2019       *
 * -> ELÍAS JESÚS QUINTEROS ESCOBAR       *    25 - 0872 - 2019       *
 * -> BRYAN ANTONIO ROGEL ROGEL           *    25 - 0361 - 2019       *
 * -> KENIA ALEXANDRA SOLA OSORIO         *    25 - 1164 - 2019       *
 * -> LEVI ASAEL VALLE PALMA              *    25 - 0234 - 2019       *
 **********************************************************************
 * DESARROLLOS INFORMATICOS R.L.E.B.K.L & ASOCIADOS S.A DE C.V        *
***********************************************************************
**********************************************************************/

GO
create database incoa_systemdb
GO
use incoa_systemdb

/*******************************************************************************************************************************************
											CREACION DE TABLAS GENERALES DEL SISTEMA
********************************************************************************************************************************************/
-- -> TABLA USUARIOS PROYECTO ESCUELA
GO
CREATE TABLE [dbo].[Usuarios](
id_usuario INT IDENTITY(1,1) PRIMARY KEY NOT NULL,
Nombre varchar(50) NOT NULL,
Usuario varchar(50) UNIQUE NOT NULL,
[Password] varchar(150) NOT NULL,
Tipo_usuario varchar(50) NOT NULL
);

-- -> TABLA DOCENTES PROYECTO ESCUELA
GO
CREATE TABLE [dbo].[Docentes](
cod_docente INT PRIMARY KEY NOT NULL,
nombre VARCHAR(25) NOT NULL,
apellido VARCHAR(25) NOT NULL,
direccion NVARCHAR(100) NOT NULL,
f_nacimiento DATE NOT NULL,
genero CHAR(1) NOT NULL,
telefono INT NOT NULL
);

-- -> TABLA SECCIONES PROYECTO ESCUELA
GO
CREATE TABLE [dbo].[Secciones](
cod_seccion INT PRIMARY KEY NOT NULL,
nombre VARCHAR(15) NOT NULL,
seccion VARCHAR(2) NOT NULL,
capacidad INT NOT NULL
);

-- -> TABLA ALUMNOS PROYECTO ESCUELA
GO
CREATE TABLE [dbo].[Alumnos](
cod_alumno NVARCHAR(4) PRIMARY KEY NOT NULL,
nombre VARCHAR(25) NOT NULL,
apellido VARCHAR(25) NOT NULL,
f_nacimiento DATE NOT NULL,
Direccion VARCHAR(30) NOT NULL,
genero CHAR(1) NOT NULL,
especialidad VARCHAR(20) NOT NULL,
año INT NOT NULL,
telefono INT NOT NULL,
cod_seccion INT FOREIGN KEY REFERENCES Secciones
);

-- -> TABLA ASIGNATURAS PROYECTO ESCUELA
GO
CREATE TABLE [dbo].[Asignaturas](
cod_asignatura NVARCHAR(5) PRIMARY KEY NOT NULL,
n_asignatura VARCHAR(50) NOT NULL
);

/*ALTER TABLE [dbo].[AsignaturaAlumnos]  WITH CHECK ADD  CONSTRAINT [FK_cod_asignatura] FOREIGN KEY(cod_asignatura)
REFERENCES [dbo].[Asignaturas] ([cod_asignaturas])
ON DELETE CASCADE
GO

ALTER TABLE [dbo].[AsignaturaAlumnos]  WITH CHECK ADD  CONSTRAINT [FK_cod_alumno] FOREIGN KEY(cod_alumno)
REFERENCES [dbo].[Alumnos] ([cod_alumno])
ON DELETE CASCADE
GO

CONSTRAINT FK_cod_asignatura FOREIGN KEY(cod_asignatura)
REFERENCES [dbo].[Asignaturas] (cod_asignatura)
*/

-- -> TABLA DETALLES ASIGNATURAS PROYECTO ESCUELA
GO
CREATE TABLE [dbo].[AsignaturasAlumnos](
Id_AsAlum INT IDENTITY(1,1) PRIMARY KEY NOT NULL,
cod_asignatura NVARCHAR(5) CONSTRAINT FK_cod_asignatura FOREIGN KEY(cod_asignatura)
REFERENCES [dbo].[Asignaturas] (cod_asignatura)
ON UPDATE CASCADE
ON DELETE CASCADE,
n_asignatura VARCHAR(50) NOT NULL,
cod_docente INT CONSTRAINT FK_cod_docente FOREIGN KEY(cod_docente)
REFERENCES [dbo].[Docentes] (cod_docente)
ON UPDATE CASCADE
ON DELETE CASCADE,
nombreDoc VARCHAR(25) NOT NULL,
cod_alumno NVARCHAR(4) CONSTRAINT FK_cod_alumno FOREIGN KEY(cod_alumno)
REFERENCES [dbo].[Alumnos] (cod_alumno)
ON UPDATE CASCADE
ON DELETE CASCADE,
);

-- -> TABLA NOTAS PROYECTO ESCUELA
GO
CREATE TABLE [dbo].[Notas](
cod_nota INT IDENTITY (1,1) PRIMARY KEY NOT NULL,
cod_alumno NVARCHAR(4) CONSTRAINT FK_cod_alumno2 FOREIGN KEY(cod_alumno)
REFERENCES [dbo].[Alumnos] (cod_alumno) 
ON UPDATE CASCADE
ON DELETE CASCADE,
cod_asignatura NVARCHAR(5) CONSTRAINT FK_cod_asignatura2 FOREIGN KEY(cod_asignatura)
REFERENCES [dbo].[Asignaturas] (cod_asignatura)
ON UPDATE CASCADE
ON DELETE CASCADE,
NotaFinal decimal(4,2)
);

-- -> TABLA TRIMESTRE 1 PROYECTO ESCUELA
GO
CREATE TABLE [dbo].[Trimestre1](
cod_Trimestre1 INT IDENTITY(1,1) PRIMARY KEY NOT NULL,
cod_alumno NVARCHAR(4) CONSTRAINT FK_cod_alumno3 FOREIGN KEY(cod_alumno)
REFERENCES [dbo].[Alumnos] (cod_alumno)
ON UPDATE CASCADE
ON DELETE CASCADE,
cod_asignatura NVARCHAR(5) CONSTRAINT FK_cod_asignatura3 FOREIGN KEY(cod_asignatura)
REFERENCES [dbo].[Asignaturas] (cod_asignatura)
ON UPDATE CASCADE
ON DELETE CASCADE,
Act1 decimal(4,2),
Act2 decimal(4,2),
Exam decimal(4,2),
promedio1 decimal(4,2)
);

-- -> TABLA TRIMESTRE 2 PROYECTO ESCUELA
GO
CREATE TABLE [dbo].[Trimestre2](
cod_Trimestre2 INT IDENTITY(1,1) PRIMARY KEY NOT NULL,
cod_alumno NVARCHAR(4)  CONSTRAINT FK_cod_alumno4 FOREIGN KEY(cod_alumno)
REFERENCES [dbo].[Alumnos] (cod_alumno)
ON UPDATE CASCADE
ON DELETE CASCADE,
cod_asignatura NVARCHAR(5) CONSTRAINT FK_cod_asignatura4 FOREIGN KEY(cod_asignatura)
REFERENCES [dbo].[Asignaturas] (cod_asignatura)
ON UPDATE CASCADE
ON DELETE CASCADE,
Act1 decimal(4,2),
Act2 decimal(4,2),
Exam decimal(4,2),
promedio2 decimal(4,2)
);

-- -> TABLA TRIMESTRE 3 PROYECTO ESCUELA
GO
CREATE TABLE [dbo].[Trimestre3](
cod_Trimestre3 INT IDENTITY(1,1) PRIMARY KEY NOT NULL,
cod_alumno NVARCHAR(4) CONSTRAINT FK_cod_alumno5 FOREIGN KEY(cod_alumno)
REFERENCES [dbo].[Alumnos] (cod_alumno)
ON UPDATE CASCADE
ON DELETE CASCADE,
cod_asignatura NVARCHAR(5) CONSTRAINT FK_cod_asignatura5 FOREIGN KEY(cod_asignatura)
REFERENCES [dbo].[Asignaturas] (cod_asignatura)
ON UPDATE CASCADE
ON DELETE CASCADE,
Act1 decimal(4,2),
Act2 decimal(4,2),
Exam decimal(4,2),
promedio3 decimal(4,2)
);

/*******************************************************************************************************************************************
											 FIN CREACION DE TABLAS GENERALES DEL SISTEMA
*******************************************************************************************************************************************/


/*******************************************************************************************************************************************
											INSERTANDO REGISTROS A LAS TABLAS DEL SISTEMA
********************************************************************************************************************************************/

-- -> REGISTROS PARA TABLA USUARIOS {LOGIN DEL SISTEMA}
GO
INSERT INTO Usuarios(Nombre,Usuario,[Password],Tipo_usuario)
VALUES('Luis Antonio', 'luis.leon', '12345', 'Admin'),
	  ('Alexandra Sola', 'ale.sola', '123', 'Admin'),
	  ('Bryan Rogel', 'bryan.rogel', '12345', 'Admin'),
	  ('Ronald Abarca', 'ronald.abarca', 'abarca007', 'Admin'),
	  ('Elias Quinteros', 'elias.quinteros', 'elias77', 'Admin'),
	  ('Levi Palma', 'valle.palma', 'palma845', 'Admin'),
	  ('Super Admin', 'admin', 'admin', 'Admin'),
	  ('Docente', 'docente', 'docente', 'Docente'),
	  ('Maria Ramirez', 'merino.ramirez', '54321', 'Docente'),
	  ('Verónica Caneza','Prof.Caneza','canez021','Docente'),
	  ('Jhosselin','j.Menjivar','080508','Docente'),
	  ('Carmen','Prof.CR','caar333','Docente'),
	  ('Julio Gonzáles','D.Gonza','gonz7894','Docente'),
	  ('Melissa Candragena','Meli.Meli','meliy89','Docente'),
	  ('Enrique Cordova','r.Enrique','R0r586k','Docente'),
	  ('Monica Lobos','l.Monica','hhooyui789','Docente'),
	  ('Evelin Jamileth','J.Eve','cc+sddsd8','Docente'),
	  ('Rodrigo Portillo','R.Porti','hdd888888','Docente');

-- -> REGISTROS PARA TABLA DOCENTES
GO
INSERT INTO Docentes(cod_docente, nombre, apellido, direccion, f_nacimiento, genero, telefono)
VALUES(0001, 'Roberto Miguel', 'Marroquin Garcia', 'La Palma', '1985-08-16', 'M', 77753025),
	  (0002, 'Manuel Joaquin', 'Gutierrez Gutierrez', 'Las Cañas', '1976-02-13', 'M', 78536251),
	  (0003, 'Jocelyn Sarai', 'Valencia Martinez', 'Altavista', '1975-04-25', 'F', 79856320),
	  (0004, 'Carlos Jose', 'Pichinte Turcios', 'Apopa', '1993-09-24', 'M', 75632562),
	  (0005, 'Jeimy Beatriz', 'Flores Garcia', 'Margaritas', '1996-02-21', 'F', 77568452),
	  (0006,'Verónica Elizabeth','Caneza','Soyapango','1994-07-11', 'F', 79563202),
	  (0007,'Jhosselin Maricela','Menjivar','San Martin','1996-08-11', 'F', 78756320),
	  (0008,'Carmen Abigail','Escobar','San Martin','1995-01-09', 'F', 75256895),
	  (0009,'Julio Enrique ','Gonzáles','Altavista','1992-02-10', 'M', 79856320),
	  (0010,'Melissa ','Candragena','Soyapango','1990-10-12', 'F', 79520352),
	  (0011,'Enrique ','Cordova','San Martin','1990-10-11', 'M', 79856302),
	  (0012,'Monica ','Lobos','San Bartolo','1993-05-09', 'F', 61523658),
	  (0013,'Evelin Jamileth','Ventura','San Martin','1990-04-12','F', 62356025),
	  (0014,'Rodrigo ','Portillo','Altavista','1994-09-11', 'M', 66535264);

-- -> REGISTROS PARA TABLA SECCIONES
GO
INSERT INTO Secciones(cod_seccion,nombre,seccion, capacidad)
VALUES(01,'Seccion A1', 'A', 0),
	  (02,'Seccion B2', 'B', 0),
	  (03,'Seccion C3', 'C', 0),
	  (04,'Seccion D4', 'D', 0),
	  (05,'Seccion E5', 'E', 0),
	  (06,'Seccion F6', 'F', 0);

-- -> REGISTROS PARA TABLA ALUMNOS
GO
INSERT INTO Alumnos(cod_alumno, nombre, apellido, f_nacimiento, Direccion, genero, especialidad, año, telefono, cod_seccion)
VALUES('A001', 'Jose Elias', 'Valenzuela Ramirez', '1999-08-15', 'Aguilares', 'M', 'Contador', 1, 77445588, 01),
	  ('B001', 'Karen Abigail', 'Flores Ramos', '2000-05-05', 'Guazapa', 'F', 'Contador', 2, 61553548, 02),
	  ('B002', 'Angela Alexandra', 'Hernandez Hernandez', '2000-08-22', 'Nejapa', 'F', 'Contador', 2, 71449526, 02),
	  ('A002', 'Rodrigo Richard', 'Rodriguez Vaquez', '2001-01-12', 'Ilopango', 'M', 'Contador', 3, 71556423, 01),
	  ('C001', 'Nelson Alexander', 'Quintanilla Guzman', '2000-12-14', 'Ilopango', 'M', 'General', 2, 61524832, 03),
	  ('A037', 'Katherine Yamileth', 'Rivera Guzman', '2000-04-10', 'Ilopango', 'F', 'Contador', 3, 78945645, 01),
      ('B003', 'karen Yamileth', 'Rivera Guzman', '2000-04-10', 'Soyapango', 'F', 'Contador', 3, 70246987, 01),
      ('C002', 'Cecilia Rosibel', 'Perez Escobar', '1999-05-11', 'Soyapango', 'F', 'General', 2, 78964512, 03),	  
      ('A003', 'Luis Alexandro', 'Martinez Romero', '1999-02-10', 'Soyapango', 'M', 'Contador', 2, 67894512, 01), 
      ('A004', 'Vilma Yaneth', 'Mejia García', '2000-11-12', 'Soyapango', 'F', 'Contador', 1, 69587849, 01),
	  ('E001', 'Lilian Maribel', 'Cruz Escobar', '2000-01-01', 'Soyapango', 'F', 'Software', 3, 69587850, 05),
	  ('E002', 'Elizabeth Melissa', 'Umaña García', '2001-04-09', 'Soyapango', 'F', 'Software', 1, 69588796, 05),
	  ('A005', 'Samuel Enrique', 'Guitierrez García', '1998-10-12', 'Mejicanos', 'M', 'Contador', 3, 78964523, 02),
	  ('A006', 'Roberto Jaimes', 'Martinez Mejía', '1998-07-10', 'Mejicanos', 'M', 'Contador', 2, 69587860, 02),
	  ('A007', 'Liseth Vanessa', 'Roble García', '2000-03-07', 'Apopa', 'F', 'Contador', 2, 76598645, 02),
	  ('E003', 'Mirna Liseth', 'Mejia García', '2000-04-08', 'Apopa', 'F', 'Software', 3, 78965423, 06),
	  ('E004', 'Vanessa Yaneth', 'Escobar García', '2000-12-12', 'Apopa', 'F', 'Software', 2, 78964512, 06),
	  ('E005', 'Francisco Emauel', 'Peres Reyes', '2000-10-12', 'Apopa', 'M', 'Software', 2, 69587889, 05),
	  ('E006', 'Erick Glodovaldo', 'Mejia García', '2000-07-12', 'Apopa', 'M', 'Software', 2, 67586849, 05),
	  ('C003', 'Vanessa Yaneth', 'Portilo García', '2000-03-05', 'Apopa', 'F', 'General', 1, 66487849, 04),
	  ('C004', 'Carlos Alfredo', 'Martinez García', '1999-10-07', 'Apopa', 'M', 'General', 2, 68587849, 04),
	  ('C005', 'Rodrigo Ernesto', 'Gomez Menjivar', '2000-01-06', 'Apopa', 'M', 'General', 1, 70587849, 03),
	  ('C006', 'Wilmer', 'Siman García', '2000-01-10', 'Apopa', 'M', 'General', 2, 72587849, 04),
	  ('C007', 'Alexis Emerson', 'Cruz Mejía', '2000-09-09', 'Apopa', 'M', 'General', 1, 79587849, 03),
	  ('C008', 'Alexander Daniel', 'Huezo García', '2000-09-02', 'Apopa', 'M', 'General', 2, 67587849, 03),
	  ('A008', 'Erick Jefferson', 'Quinteros García', '2000-01-06', 'Apopa', 'M', 'Contador', 2, 69587879, 02),
	  ('A009', 'Irving Daniel', 'Cordova Mejía', '2000-02-05', 'Apopa', 'M', 'Contador', 3, 78387849, 02),
	  ('A010', 'Daniel', 'Aragon García', '1998-12-04', 'Apopa', 'M', 'Contador', 3,71587849, 01),
	  ('A011', 'Luis Alfredo', 'Gonzales Perez', '1999-08-07', 'Apopa', 'M', 'Contador', 1, 63587849, 01),
	  ('A012', 'Dinora', 'Corado Argueta', '2000-11-12', 'Apopa', 'F', 'Contador', 1, 79477840, 01),
	  ('A013', 'Elena Maricela', 'Mendoza Escobar', '2000-07-06', 'Apopa', 'F', 'Contador', 1, 77087840, 01),
	  ('A014', 'Beatriz Marlene', 'Espinoza Martinez', '1998-02-12', 'Apopa', 'F', 'Contador', 1, 61254896, 01),
	  ('A015', 'Jhosselin Maricela', 'Gamez Menjivar', '2000-04-27', 'Apopa', 'F', 'Contador', 1, 71426359, 01),
	  ('A016', 'Sara Abigail ', 'Escobar Perez', '2000-12-20', 'Apopa', 'F', 'Contador', 1, 75698412, 01),
	  ('A017', 'Emerson Esau', 'Reyes Andrade', '2000-03-30', 'Apopa', 'M', 'Contador', 1, 78965412, 02),
	  ('A018', 'Tania Vanessa', 'Escobar Escobar', '2001-04-24', 'Apopa', 'F', 'Contador', 2, 74569824, 01),
	  ('C009', 'Josh Enrique', 'Portal Mendez', '2000-04-10', 'Apopa', 'M', 'General', 2, 78964532, 03),
	  ('A019', 'Rosa Maria', 'Gonzales Reyes', '2000-10-24', 'Apopa', 'F', 'Contador', 2, 74362514, 03),
	  ('A020', 'Kenia Marisol', 'Portillo Andrade', '2000-05-18', 'Apopa', 'F', 'Contador', 2, 72365894, 03),
	  ('A021', 'Yessenia Jasmin', 'Valle García', '2000-11-29', 'Apopa', 'F', 'Contador', 2, 72564896, 04),
	  ('A022', 'Vilma Yaneth', 'Martinez Martinez', '2000-01-20', 'Apopa', 'F', 'Contador', 2, 71235469, 04),
	  ('A023', 'Yaneth Mariana', 'Cruz Ventura', '2000-05-17', 'San Martín', 'F', 'Contador', 1, 75894563, 04),
	  ('A024', 'Ariel Melisa', 'Escobar Zepeda', '2000-11-29', 'San Martín', 'F', 'Contador', 1, 75698423, 04),
	  ('A025', 'Wendy Raquel', 'Ventura García', '2000-03-08', 'San Martín', 'F', 'Contador', 2, 78456512, 04),
	  ('A026', 'Alfredo Anastasio', 'Mejia García', '2001-08-12', 'San Martín', 'M', 'Contador', 2, 61245987, 04),
	  ('A027', 'Jose Carlos', 'Martinez Ramirez', '2000-05-05', 'San Martín', 'M', 'Contador', 2, 76984512, 04),
	  ('A028', 'Maria Elena', 'Ortiz Mejía', '1998-03-12', 'San Martín', 'F', 'Contador', 2, 74568932, 03),
	  ('A029', 'Jose Juan', 'Alvarado Rivas', '2000-07-13', 'San Salvador', 'M', 'Contador', 2, 78964512, 03),
	  ('A030', 'Doglas ', 'Mejia Marroquin', '2000-03-12', 'San Salvador', 'M', 'Contador', 2, 74569812, 03),
	  ('A031', 'Nohemi Elizabeth', 'Martinez Lopez', '2000-04-15', 'San Salvador', 'F', 'Contador', 2, 71245689, 03),
	  ('A032', 'Vilma', 'Mejia García', '2000-10-10', 'San Salvador', 'F', 'Contador', 2, 71326548, 03),
	  ('A033', 'Yaneth', 'Mejia García', '2000-10-21', 'San Salvador', 'F', 'Contador', 2, 71236548, 03),
	  ('A034', 'Carmne', 'Lopez Ventura', '2000-02-12', 'San Salvador', 'F', 'Contador', 2, 75489621, 03),
	  ('A035', 'Cecilia', ' Orellana Orellana', '2000-03-11', 'Apopa', 'F', 'Contador', 2, 71234569, 04),
	  ('A036', 'Mirna', 'Alvares García', '2000-11-11', 'Apopa', 'F', 'Contador', 2, 71324569, 04),
	  ('F001', 'Jose Hernesto', 'Lopez Peres','2002-09-14', 'Apopa','M','General', 1, 75443456, 01),
	('F002', 'Samuel Hernesto ', 'Aguirre Quintanilla','2000-08-04', 'Apopa','M','General',1 ,78909876, 01),
	('F003', 'Josue Fernando ', 'Barillas Herrera','1999-05-13', 'Apopa','M','General',1 ,76832345, 01),
	('F004', 'Keren Samua', 'Gomez Quinteros','1999-12-03', 'Apopa','F','General',1 ,22736000, 01),
	('F005', 'Sara Elizabeth', 'Barillas Quinteros','1999-06-08', 'Apopa','F','General',1 ,78987876, 01),
	('F006', 'Karla Sarai ', ' Aguirre Quijada','1998-02-01', 'Apopa','F','General',1 ,78921543, 01),
	('F007', 'Ulises Alexander', 'Herrera Landaverde','1999-01-06', 'Apopa','M','General',1 ,61098765, 01),
	('F008', 'Daniela Elizabeth ', 'Espinoza Mendez','2000-09-03', 'Apopa','F','General',1 ,98097654, 01),
	('F009', 'Ivan Alessandro ', 'Mendoza Landaverde ','1999-09-04', 'Apopa','M','General',1 ,61181092, 01),
	('F010', 'Ronal Eliazar', 'Abarca Rivaz','1999-04-02', 'Apopa','M','General',1 ,78009000, 01),
	('F011', 'Cristan Jesus ', 'Mongue Lopez','1998-02-09', 'Apopa','M','General',1 ,79007645, 01),
	('F012', 'jessica Sandra', 'Rojas Quintanilla','1999-12-11', 'Apopa','F','Contador',2 ,62435323, 02),
	('F013', 'Diana Xiomara', 'Perez Granados ','1997-11-9', 'Apopa','F','Contador',2 ,23412334, 02),
	('F014', 'Ivania Gissel', 'Giron Lopez','1996-12-06', 'Apopa','F','Contador',2 ,76897654, 02),
	('F015', 'Imelda Patricia ', 'Molina Grabados','1999-09-02', 'Apopa','F','Contador',2 ,22345674, 02),
	('F016', 'Rosa Imelda', 'Henrriquez Quinteros','2000-01-01', 'San Salvador','F','General',1 ,34556678, 01),
	('F017', 'Danilo Fernando', 'Castillos Granados','1999-09-12', 'San Salvador','M','General',1 ,78987865, 01),
	('F018', 'Nelson Daniel', 'Melara Dominguez','1999-08-07', 'San Salvador','M','General',1 ,78965432, 01),
	('F020', 'Adan Cain', 'Peres Granados','2001-02-09', 'San Salvador','M','General',1 ,79989999, 01),
	('F021', 'Eva Naara', 'Perez Castillos','2000-08-09', 'Ilopango','F','Contador',2,89786756, 02),
	('F022', 'Oliver Alexander ', 'Henrriquez Martines','2000-02-09', 'Ilopango','M','Contador',2 ,22347658, 02),
	('F023', 'Maria Guadalupe ', 'Aguirre Quijada','1997-09-12', 'Ilopango','F','Contador',2 ,22987654, 02),
	('F024', 'Fernando Saul', 'Fuentez Martines','1999-07-06', 'Ilopango','M','General',2 ,76879876, 02),
	('F025', 'Madahi Carolina', 'Granados Quintanilla','2000-09-04', 'Ilopango','F','General',1 ,65987654, 01),
	('F026', 'Daniel Mario', 'Cruz Lopez','1999-09-05', 'Ilopango','M','Contador',2 ,61908765, 02),
	('F027', 'Cristan Alexander', 'Quinteros Escobar','1999-01-02', 'Ilopango','M','General',1 ,78987654, 01),
	('F028', 'Mauricio Jose', 'Funez Lopez','2000-09-08', 'Mejicanos','M','General',1 ,78987654, 01),
	('F029', 'Ezperanza Samai', 'Lopez Martines','1999-12-11', 'Mejicanos','F','Contador',2 ,79007800, 02),
	('F030', 'Karen Xiomara', 'Rodriguez Granados','2000-12-09', 'Mejicanos','F','General',1 ,62190087, 01),
	('G001', 'Elias Jesus', 'Quinteros Escobar','1999-12-09', 'Mejicanos','M','General',1 ,78798765, 01),
	('G002', 'Karla Beatris ', 'Martines Segobia ','1998-02-12', 'Mejicanos','F','Contador',2 ,79007456, 02),
	('G003', 'Naara Samua', 'Palma Molina','1999-12-04', 'Mejicanos','F','General',1 ,78989786, 01),
	('G004', 'Karla Rosio', 'Gomez Martines','2000-02-09', 'Mejicanos','F','General',1 ,78990087, 01),
	('G005', 'Julio Cesar ', 'Martines Landaverde','2000-05-08', 'Mejicanos','M','Contador',2 ,61029087, 02),
	('G006', 'Set Pedro', 'Martines Quijada','1999-09-03', 'Mejicanos','M','General',1 ,78990087, 01),
	('G007', 'Pedro Jesus', 'Lopez Quijada','2000-09-04', 'Apopa','M','Contador',2 ,78654398, 02),
	('G008', 'Nelson Jose', 'Peres Martines','1999-09-08', 'Apopa','M','Contador',2 ,22435678, 02),
	('G009', 'Ivan Alonso', 'Martines Martines','2000-09-03', 'Apopa','M','General',1,78908765, 01),
	('G010', 'Oscar Fernando ', 'Granados Landaverde','1998-09-12', 'Apopa','M','Contador',2 ,22879864, 02),
	('G011', 'Kevin Jesus', 'Quintanilla Espinoza','1999-03-08', 'Apopa','M','Contador',2 ,78986543, 02),
	('G012', 'Franclin Josue', 'Martines Portillo','1999-09-02', 'Apopa','M','Contador',2 ,78908765, 02),
	('G013', 'Daniel Josue', 'Palma Lopez','2000-02-12', 'Apopa','M','General',1 ,78906543, 01),
	('G014', 'Ivan Alexander ', 'Quinteros Landaverde','1998-09-02', 'Apopa','M','General',1 ,22789876, 01),
	('G015', 'Nelson Noe', 'Cerritos Melara','1999-02-09', 'Apopa','M','Contador',2 ,79000000, 02),
	('G016', 'Keren Samai ', 'Palma Martines','1998-09-07', 'Apopa','F','Contador',2 ,65098765, 02),
	('G017', 'Karla Marisol', 'Espinoza Landaverde','1998-04-05', 'Apopa','F','Contador',2 ,78986243, 01),
	('G018', 'Karla Paola', 'Lopez Quijada','2001-02-09', 'Apopa','F','General',1 ,79007448, 01),
	('G019', 'Mia Nohemy', 'Toretto Oconner','2001-09-04', 'Apopa','F','Contador',2 ,61021857, 02),
	('G021', 'jessica Samua', 'Gomez Gomez','1998-09-04', 'Apopa','F','Contador',2 ,78985476, 02),
	('G022', 'Levi Asael', 'Valle Palma','2000-12-12', 'Apopa','M','General',1 ,79007448 ,01);



-- -> REGISTROS PARA TABLA ASIGNATURA
GO
INSERT INTO Asignaturas(cod_asignatura, n_asignatura)
VALUES('LEN01', 'Lenguaje'),
	  ('MAT02', 'Matematicas'),
	  ('CIE03', 'Ciencias'),
	  ('SOC04', 'Sociales'),
	  ('ING05', 'Ingles'),
	  ('HAL01', 'Habilitacion laboral'),
	  ('DSF01', 'Desarrollo software'),
	  ('CTVDD', 'Creatividad'),
	  ('SEMIN', 'Seminario'),
	  ('TECNO', 'Tecnologia'),
	  ('HOSYT', 'Hosteleria y turismo'),
	  ('INFOR', 'Informatica'),
	  ('COMER', 'Comercializacion'),
	  ('COCOS', 'Contabilidad costos');

-- -> REGISTROS PARA TABLA ASIGNATURAS ALUMNO

insert into AsignaturasAlumnos values
('LEN01','Lenguaje',1,'Roberto Miguel','A001'),
('MAT02','Matematicas',2,'Manuel Joaquin','A001'),
('CIE03','Ciencias',3,'Jocelyn Sarai','A001'),
('SOC04','Sociales',4,'Carlos Jose','A001'),
('ING05','Ingles',5,'Jeimy Beatriz','A001'),
('DSF01','Desarrollo software',6,'Veronica Elizabeth','A001'),
('CTVDD','Creatividad',7,'Jhosselin Maricela','A001'),
('TECNO','Tecnologia',8,'Carmen Abigail','A001'),
('INFOR','Informatica',9,'Julio Enrique','A001'),
('COCOS','Contabilidad Costos',10,'Melissa Candragena','A001'),
('SEMIN','Seminario',11,'Enrique Cordova','A001'),
('LEN01','Lenguaje',1,'Roberto Miguel','A002'),
('MAT02','Matematicas',2,'Manuel Joaquin','A002'),
('CIE03','Ciencias',3,'Jocelyn Sarai','A002'),
('SOC04','Sociales',4,'Carlos Jose','A002'),
('ING05','Ingles',5,'Jeimy Beatriz','A002'),
('DSF01','Desarrollo software',6,'Veronica Elizabeth','A002'),
('CTVDD','Creatividad',7,'Jhosselin Maricela','A002'),
('TECNO','Tecnologia',8,'Carmen Abigail','A002'),
('INFOR','Informatica',9,'Julio Enrique','A002'),
('COCOS','Contabilidad Costos',10,'Melissa Candragena','A002'),
('SEMIN','Seminario',11,'Enrique Cordova','A002'),
('LEN01','Lenguaje',1,'Roberto Miguel','A003'),
('MAT02','Matematicas',2,'Manuel Joaquin','A003'),
('CIE03','Ciencias',3,'Jocelyn Sarai','A003'),
('SOC04','Sociales',4,'Carlos Jose','A003'),
('ING05','Ingles',5,'Jeimy Beatriz','A003'),
('DSF01','Desarrollo software',6,'Veronica Elizabeth','A003'),
('CTVDD','Creatividad',7,'Jhosselin Maricela','A003'),
('TECNO','Tecnologia',8,'Carmen Abigail','A003'),
('INFOR','Informatica',9,'Julio Enrique','A003'),
('COCOS','Contabilidad Costos',10,'Melissa Candragena','A003'),
('SEMIN','Seminario',11,'Enrique Cordova','A003'),
('LEN01','Lenguaje',1,'Roberto Miguel','A004'),
('MAT02','Matematicas',2,'Manuel Joaquin','A004'),
('CIE03','Ciencias',3,'Jocelyn Sarai','A004'),
('SOC04','Sociales',4,'Carlos Jose','A004'),
('ING05','Ingles',5,'Jeimy Beatriz','A004'),
('DSF01','Desarrollo software',6,'Veronica Elizabeth','A004'),
('CTVDD','Creatividad',7,'Jhosselin Maricela','A004'),
('TECNO','Tecnologia',8,'Carmen Abigail','A004'),
('INFOR','Informatica',9,'Julio Enrique','A004'),
('COCOS','Contabilidad Costos',10,'Melissa Candragena','A004'),
('SEMIN','Seminario',11,'Enrique Cordova','A004'),
('LEN01','Lenguaje',1,'Roberto Miguel','A005'),
('MAT02','Matematicas',2,'Manuel Joaquin','A005'),
('CIE03','Ciencias',3,'Jocelyn Sarai','A005'),
('SOC04','Sociales',4,'Carlos Jose','A005'),
('ING05','Ingles',5,'Jeimy Beatriz','A005'),
('DSF01','Desarrollo software',6,'Veronica Elizabeth','A005'),
('CTVDD','Creatividad',7,'Jhosselin Maricela','A005'),
('TECNO','Tecnologia',8,'Carmen Abigail','A005'),
('INFOR','Informatica',9,'Julio Enrique','A005'),
('COCOS','Contabilidad Costos',10,'Melissa Candragena','A005'),
('SEMIN','Seminario',11,'Enrique Cordova','A005'),
('LEN01','Lenguaje',1,'Roberto Miguel','A006'),
('MAT02','Matematicas',2,'Manuel Joaquin','A006'),
('CIE03','Ciencias',3,'Jocelyn Sarai','A006'),
('SOC04','Sociales',4,'Carlos Jose','A006'),
('ING05','Ingles',5,'Jeimy Beatriz','A006'),
('DSF01','Desarrollo software',6,'Veronica Elizabeth','A006'),
('CTVDD','Creatividad',7,'Jhosselin Maricela','A006'),
('TECNO','Tecnologia',8,'Carmen Abigail','A006'),
('INFOR','Informatica',9,'Julio Enrique','A006'),
('COCOS','Contabilidad Costos',10,'Melissa Candragena','A006'),
('SEMIN','Seminario',11,'Enrique Cordova','A006'),
('LEN01','Lenguaje',1,'Roberto Miguel','A007'),
('MAT02','Matematicas',2,'Manuel Joaquin','A007'),
('CIE03','Ciencias',3,'Jocelyn Sarai','A007'),
('SOC04','Sociales',4,'Carlos Jose','A007'),
('ING05','Ingles',5,'Jeimy Beatriz','A007'),
('DSF01','Desarrollo software',6,'Veronica Elizabeth','A007'),
('CTVDD','Creatividad',7,'Jhosselin Maricela','A007'),
('TECNO','Tecnologia',8,'Carmen Abigail','A007'),
('INFOR','Informatica',9,'Julio Enrique','A007'),
('COCOS','Contabilidad Costos',10,'Melissa Candragena','A007'),
('SEMIN','Seminario',11,'Enrique Cordova','A007'),
('LEN01','Lenguaje',1,'Roberto Miguel','A008'),
('MAT02','Matematicas',2,'Manuel Joaquin','A008'),
('CIE03','Ciencias',3,'Jocelyn Sarai','A008'),
('SOC04','Sociales',4,'Carlos Jose','A008'),
('ING05','Ingles',5,'Jeimy Beatriz','A008'),
('DSF01','Desarrollo software',6,'Veronica Elizabeth','A008'),
('CTVDD','Creatividad',7,'Jhosselin Maricela','A008'),
('TECNO','Tecnologia',8,'Carmen Abigail','A008'),
('INFOR','Informatica',9,'Julio Enrique','A008'),
('COCOS','Contabilidad Costos',10,'Melissa Candragena','A008'),
('SEMIN','Seminario',11,'Enrique Cordova','A008'),
('LEN01','Lenguaje',1,'Roberto Miguel','A009'),
('MAT02','Matematicas',2,'Manuel Joaquin','A009'),
('CIE03','Ciencias',3,'Jocelyn Sarai','A009'),
('SOC04','Sociales',4,'Carlos Jose','A009'),
('ING05','Ingles',5,'Jeimy Beatriz','A009'),
('DSF01','Desarrollo software',6,'Veronica Elizabeth','A009'),
('CTVDD','Creatividad',7,'Jhosselin Maricela','A009'),
('TECNO','Tecnologia',8,'Carmen Abigail','A009'),
('INFOR','Informatica',9,'Julio Enrique','A009'),
('COCOS','Contabilidad Costos',10,'Melissa Candragena','A009'),
('SEMIN','Seminario',11,'Enrique Cordova','A009'),
('LEN01','Lenguaje',1,'Roberto Miguel','A010'),
('MAT02','Matematicas',2,'Manuel Joaquin','A010'),
('CIE03','Ciencias',3,'Jocelyn Sarai','A010'),
('SOC04','Sociales',4,'Carlos Jose','A010'),
('ING05','Ingles',5,'Jeimy Beatriz','A010'),
('DSF01','Desarrollo software',6,'Veronica Elizabeth','A010'),
('CTVDD','Creatividad',7,'Jhosselin Maricela','A010'),
('TECNO','Tecnologia',8,'Carmen Abigail','A010'),
('INFOR','Informatica',9,'Julio Enrique','A010'),
('COCOS','Contabilidad Costos',10,'Melissa Candragena','A010'),
('SEMIN','Seminario',11,'Enrique Cordova','A010'),
('LEN01','Lenguaje',1,'Roberto Miguel','A011'),
('MAT02','Matematicas',2,'Manuel Joaquin','A011'),
('CIE03','Ciencias',3,'Jocelyn Sarai','A011'),
('SOC04','Sociales',4,'Carlos Jose','A011'),
('ING05','Ingles',5,'Jeimy Beatriz','A011'),
('DSF01','Desarrollo software',6,'Veronica Elizabeth','A011'),
('CTVDD','Creatividad',7,'Jhosselin Maricela','A011'),
('TECNO','Tecnologia',8,'Carmen Abigail','A011'),
('INFOR','Informatica',9,'Julio Enrique','A011'),
('COCOS','Contabilidad Costos',10,'Melissa Candragena','A011'),
('SEMIN','Seminario',11,'Enrique Cordova','A011'),
('LEN01','Lenguaje',1,'Roberto Miguel','A012'),
('MAT02','Matematicas',2,'Manuel Joaquin','A012'),
('CIE03','Ciencias',3,'Jocelyn Sarai','A012'),
('SOC04','Sociales',4,'Carlos Jose','A012'),
('ING05','Ingles',5,'Jeimy Beatriz','A012'),
('DSF01','Desarrollo software',6,'Veronica Elizabeth','A012'),
('CTVDD','Creatividad',7,'Jhosselin Maricela','A012'),
('TECNO','Tecnologia',8,'Carmen Abigail','A012'),
('INFOR','Informatica',9,'Julio Enrique','A012'),
('COCOS','Contabilidad Costos',10,'Melissa Candragena','A012'),
('SEMIN','Seminario',11,'Enrique Cordova','A012'),
('LEN01','Lenguaje',1,'Roberto Miguel','A013'),
('MAT02','Matematicas',2,'Manuel Joaquin','A013'),
('CIE03','Ciencias',3,'Jocelyn Sarai','A013'),
('SOC04','Sociales',4,'Carlos Jose','A013'),
('ING05','Ingles',5,'Jeimy Beatriz','A013'),
('DSF01','Desarrollo software',6,'Veronica Elizabeth','A013'),
('CTVDD','Creatividad',7,'Jhosselin Maricela','A013'),
('TECNO','Tecnologia',8,'Carmen Abigail','A013'),
('INFOR','Informatica',9,'Julio Enrique','A013'),
('COCOS','Contabilidad Costos',10,'Melissa Candragena','A013'),
('SEMIN','Seminario',11,'Enrique Cordova','A013'),
('LEN01','Lenguaje',1,'Roberto Miguel','A014'),
('MAT02','Matematicas',2,'Manuel Joaquin','A014'),
('CIE03','Ciencias',3,'Jocelyn Sarai','A014'),
('SOC04','Sociales',4,'Carlos Jose','A014'),
('ING05','Ingles',5,'Jeimy Beatriz','A014'),
('DSF01','Desarrollo software',6,'Veronica Elizabeth','A014'),
('CTVDD','Creatividad',7,'Jhosselin Maricela','A014'),
('TECNO','Tecnologia',8,'Carmen Abigail','A014'),
('INFOR','Informatica',9,'Julio Enrique','A014'),
('COCOS','Contabilidad Costos',10,'Melissa Candragena','A014'),
('SEMIN','Seminario',11,'Enrique Cordova','A014'),
('LEN01','Lenguaje',1,'Roberto Miguel','A015'),
('MAT02','Matematicas',2,'Manuel Joaquin','A015'),
('CIE03','Ciencias',3,'Jocelyn Sarai','A015'),
('SOC04','Sociales',4,'Carlos Jose','A015'),
('ING05','Ingles',5,'Jeimy Beatriz','A015'),
('DSF01','Desarrollo software',6,'Veronica Elizabeth','A015'),
('CTVDD','Creatividad',7,'Jhosselin Maricela','A015'),
('TECNO','Tecnologia',8,'Carmen Abigail','A015'),
('INFOR','Informatica',9,'Julio Enrique','A015'),
('COCOS','Contabilidad Costos',10,'Melissa Candragena','A015'),
('SEMIN','Seminario',11,'Enrique Cordova','A015'),
('LEN01','Lenguaje',1,'Roberto Miguel','A016'),
('MAT02','Matematicas',2,'Manuel Joaquin','A016'),
('CIE03','Ciencias',3,'Jocelyn Sarai','A016'),
('SOC04','Sociales',4,'Carlos Jose','A016'),
('ING05','Ingles',5,'Jeimy Beatriz','A016'),
('DSF01','Desarrollo software',6,'Veronica Elizabeth','A016'),
('CTVDD','Creatividad',7,'Jhosselin Maricela','A016'),
('TECNO','Tecnologia',8,'Carmen Abigail','A016'),
('INFOR','Informatica',9,'Julio Enrique','A016'),
('COCOS','Contabilidad Costos',10,'Melissa Candragena','A016'),
('SEMIN','Seminario',11,'Enrique Cordova','A016'),
('LEN01','Lenguaje',1,'Roberto Miguel','A017'),
('MAT02','Matematicas',2,'Manuel Joaquin','A017'),
('CIE03','Ciencias',3,'Jocelyn Sarai','A017'),
('SOC04','Sociales',4,'Carlos Jose','A017'),
('ING05','Ingles',5,'Jeimy Beatriz','A017'),
('DSF01','Desarrollo software',6,'Veronica Elizabeth','A017'),
('CTVDD','Creatividad',7,'Jhosselin Maricela','A017'),
('TECNO','Tecnologia',8,'Carmen Abigail','A017'),
('INFOR','Informatica',9,'Julio Enrique','A017'),
('COCOS','Contabilidad Costos',10,'Melissa Candragena','A017'),
('SEMIN','Seminario',11,'Enrique Cordova','A017'),
('LEN01','Lenguaje',1,'Roberto Miguel','A018'),
('MAT02','Matematicas',2,'Manuel Joaquin','A018'),
('CIE03','Ciencias',3,'Jocelyn Sarai','A018'),
('SOC04','Sociales',4,'Carlos Jose','A018'),
('ING05','Ingles',5,'Jeimy Beatriz','A018'),
('DSF01','Desarrollo software',6,'Veronica Elizabeth','A018'),
('CTVDD','Creatividad',7,'Jhosselin Maricela','A018'),
('TECNO','Tecnologia',8,'Carmen Abigail','A018'),
('INFOR','Informatica',9,'Julio Enrique','A018'),
('COCOS','Contabilidad Costos',10,'Melissa Candragena','A018'),
('SEMIN','Seminario',11,'Enrique Cordova','A018'),
('LEN01','Lenguaje',1,'Roberto Miguel','A019'),
('MAT02','Matematicas',2,'Manuel Joaquin','A019'),
('CIE03','Ciencias',3,'Jocelyn Sarai','A019'),
('SOC04','Sociales',4,'Carlos Jose','A019'),
('ING05','Ingles',5,'Jeimy Beatriz','A019'),
('DSF01','Desarrollo software',6,'Veronica Elizabeth','A019'),
('CTVDD','Creatividad',7,'Jhosselin Maricela','A019'),
('TECNO','Tecnologia',8,'Carmen Abigail','A019'),
('INFOR','Informatica',9,'Julio Enrique','A019'),
('COCOS','Contabilidad Costos',10,'Melissa Candragena','A019'),
('SEMIN','Seminario',11,'Enrique Cordova','A019'),
('LEN01','Lenguaje',1,'Roberto Miguel','A020'),
('MAT02','Matematicas',2,'Manuel Joaquin','A020'),
('CIE03','Ciencias',3,'Jocelyn Sarai','A020'),
('SOC04','Sociales',4,'Carlos Jose','A020'),
('ING05','Ingles',5,'Jeimy Beatriz','A020'),
('DSF01','Desarrollo software',6,'Veronica Elizabeth','A020'),
('CTVDD','Creatividad',7,'Jhosselin Maricela','A020'),
('TECNO','Tecnologia',8,'Carmen Abigail','A020'),
('INFOR','Informatica',9,'Julio Enrique','A020'),
('COCOS','Contabilidad Costos',10,'Melissa Candragena','A020'),
('SEMIN','Seminario',11,'Enrique Cordova','A020'),
('LEN01','Lenguaje',1,'Roberto Miguel','A021'),
('MAT02','Matematicas',2,'Manuel Joaquin','A021'),
('CIE03','Ciencias',3,'Jocelyn Sarai','A021'),
('SOC04','Sociales',4,'Carlos Jose','A021'),
('ING05','Ingles',5,'Jeimy Beatriz','A021'),
('DSF01','Desarrollo software',6,'Veronica Elizabeth','A021'),
('CTVDD','Creatividad',7,'Jhosselin Maricela','A021'),
('TECNO','Tecnologia',8,'Carmen Abigail','A021'),
('INFOR','Informatica',9,'Julio Enrique','A021'),
('COCOS','Contabilidad Costos',10,'Melissa Candragena','A021'),
('SEMIN','Seminario',11,'Enrique Cordova','A021'),
('LEN01','Lenguaje',1,'Roberto Miguel','A022'),
('MAT02','Matematicas',2,'Manuel Joaquin','A022'),
('CIE03','Ciencias',3,'Jocelyn Sarai','A022'),
('SOC04','Sociales',4,'Carlos Jose','A022'),
('ING05','Ingles',5,'Jeimy Beatriz','A022'),
('DSF01','Desarrollo software',6,'Veronica Elizabeth','A022'),
('CTVDD','Creatividad',7,'Jhosselin Maricela','A022'),
('TECNO','Tecnologia',8,'Carmen Abigail','A022'),
('INFOR','Informatica',9,'Julio Enrique','A022'),
('COCOS','Contabilidad Costos',10,'Melissa Candragena','A022'),
('SEMIN','Seminario',11,'Enrique Cordova','A022'),
('LEN01','Lenguaje',1,'Roberto Miguel','A023'),
('MAT02','Matematicas',2,'Manuel Joaquin','A023'),
('CIE03','Ciencias',3,'Jocelyn Sarai','A023'),
('SOC04','Sociales',4,'Carlos Jose','A023'),
('ING05','Ingles',5,'Jeimy Beatriz','A023'),
('DSF01','Desarrollo software',6,'Veronica Elizabeth','A023'),
('CTVDD','Creatividad',7,'Jhosselin Maricela','A023'),
('TECNO','Tecnologia',8,'Carmen Abigail','A023'),
('INFOR','Informatica',9,'Julio Enrique','A023'),
('COCOS','Contabilidad Costos',10,'Melissa Candragena','A023'),
('SEMIN','Seminario',11,'Enrique Cordova','A023'),
('LEN01','Lenguaje',1,'Roberto Miguel','A024'),
('MAT02','Matematicas',2,'Manuel Joaquin','A024'),
('CIE03','Ciencias',3,'Jocelyn Sarai','A024'),
('SOC04','Sociales',4,'Carlos Jose','A024'),
('ING05','Ingles',5,'Jeimy Beatriz','A024'),
('DSF01','Desarrollo software',6,'Veronica Elizabeth','A024'),
('CTVDD','Creatividad',7,'Jhosselin Maricela','A024'),
('TECNO','Tecnologia',8,'Carmen Abigail','A024'),
('INFOR','Informatica',9,'Julio Enrique','A024'),
('COCOS','Contabilidad Costos',10,'Melissa Candragena','A024'),
('SEMIN','Seminario',11,'Enrique Cordova','A024'),
('LEN01','Lenguaje',1,'Roberto Miguel','A025'),
('MAT02','Matematicas',2,'Manuel Joaquin','A025'),
('CIE03','Ciencias',3,'Jocelyn Sarai','A025'),
('SOC04','Sociales',4,'Carlos Jose','A025'),
('ING05','Ingles',5,'Jeimy Beatriz','A025'),
('DSF01','Desarrollo software',6,'Veronica Elizabeth','A025'),
('CTVDD','Creatividad',7,'Jhosselin Maricela','A025'),
('TECNO','Tecnologia',8,'Carmen Abigail','A025'),
('INFOR','Informatica',9,'Julio Enrique','A025'),
('COCOS','Contabilidad Costos',10,'Melissa Candragena','A025'),
('SEMIN','Seminario',11,'Enrique Cordova','A025'),
('LEN01','Lenguaje',1,'Roberto Miguel','A026'),
('MAT02','Matematicas',2,'Manuel Joaquin','A026'),
('CIE03','Ciencias',3,'Jocelyn Sarai','A026'),
('SOC04','Sociales',4,'Carlos Jose','A026'),
('ING05','Ingles',5,'Jeimy Beatriz','A026'),
('DSF01','Desarrollo software',6,'Veronica Elizabeth','A026'),
('CTVDD','Creatividad',7,'Jhosselin Maricela','A026'),
('TECNO','Tecnologia',8,'Carmen Abigail','A026'),
('INFOR','Informatica',9,'Julio Enrique','A026'),
('COCOS','Contabilidad Costos',10,'Melissa Candragena','A026'),
('SEMIN','Seminario',11,'Enrique Cordova','A026'),
('LEN01','Lenguaje',1,'Roberto Miguel','A027'),
('MAT02','Matematicas',2,'Manuel Joaquin','A027'),
('CIE03','Ciencias',3,'Jocelyn Sarai','A027'),
('SOC04','Sociales',4,'Carlos Jose','A027'),
('ING05','Ingles',5,'Jeimy Beatriz','A027'),
('DSF01','Desarrollo software',6,'Veronica Elizabeth','A027'),
('CTVDD','Creatividad',7,'Jhosselin Maricela','A027'),
('TECNO','Tecnologia',8,'Carmen Abigail','A027'),
('INFOR','Informatica',9,'Julio Enrique','A027'),
('COCOS','Contabilidad Costos',10,'Melissa Candragena','A027'),
('SEMIN','Seminario',11,'Enrique Cordova','A027'),
('LEN01','Lenguaje',1,'Roberto Miguel','A028'),
('MAT02','Matematicas',2,'Manuel Joaquin','A028'),
('CIE03','Ciencias',3,'Jocelyn Sarai','A028'),
('SOC04','Sociales',4,'Carlos Jose','A028'),
('ING05','Ingles',5,'Jeimy Beatriz','A028'),
('DSF01','Desarrollo software',6,'Veronica Elizabeth','A028'),
('CTVDD','Creatividad',7,'Jhosselin Maricela','A028'),
('TECNO','Tecnologia',8,'Carmen Abigail','A028'),
('INFOR','Informatica',9,'Julio Enrique','A028'),
('COCOS','Contabilidad Costos',10,'Melissa Candragena','A028'),
('SEMIN','Seminario',11,'Enrique Cordova','A028'),
('LEN01','Lenguaje',1,'Roberto Miguel','A029'),
('MAT02','Matematicas',2,'Manuel Joaquin','A029'),
('CIE03','Ciencias',3,'Jocelyn Sarai','A029'),
('SOC04','Sociales',4,'Carlos Jose','A029'),
('ING05','Ingles',5,'Jeimy Beatriz','A029'),
('DSF01','Desarrollo software',6,'Veronica Elizabeth','A029'),
('CTVDD','Creatividad',7,'Jhosselin Maricela','A029'),
('TECNO','Tecnologia',8,'Carmen Abigail','A029'),
('INFOR','Informatica',9,'Julio Enrique','A029'),
('COCOS','Contabilidad Costos',10,'Melissa Candragena','A029'),
('SEMIN','Seminario',11,'Enrique Cordova','A029'),
('LEN01','Lenguaje',1,'Roberto Miguel','A030'),
('MAT02','Matematicas',2,'Manuel Joaquin','A030'),
('CIE03','Ciencias',3,'Jocelyn Sarai','A030'),
('SOC04','Sociales',4,'Carlos Jose','A030'),
('ING05','Ingles',5,'Jeimy Beatriz','A030'),
('DSF01','Desarrollo software',6,'Veronica Elizabeth','A030'),
('CTVDD','Creatividad',7,'Jhosselin Maricela','A030'),
('TECNO','Tecnologia',8,'Carmen Abigail','A030'),
('INFOR','Informatica',9,'Julio Enrique','A030'),
('COCOS','Contabilidad Costos',10,'Melissa Candragena','A030'),
('SEMIN','Seminario',11,'Enrique Cordova','A030'),
('LEN01','Lenguaje',1,'Roberto Miguel','A031'),
('MAT02','Matematicas',2,'Manuel Joaquin','A031'),
('CIE03','Ciencias',3,'Jocelyn Sarai','A031'),
('SOC04','Sociales',4,'Carlos Jose','A031'),
('ING05','Ingles',5,'Jeimy Beatriz','A031'),
('DSF01','Desarrollo software',6,'Veronica Elizabeth','A031'),
('CTVDD','Creatividad',7,'Jhosselin Maricela','A031'),
('TECNO','Tecnologia',8,'Carmen Abigail','A031'),
('INFOR','Informatica',9,'Julio Enrique','A031'),
('COCOS','Contabilidad Costos',10,'Melissa Candragena','A031'),
('SEMIN','Seminario',11,'Enrique Cordova','A031'),
('LEN01','Lenguaje',1,'Roberto Miguel','A032'),
('MAT02','Matematicas',2,'Manuel Joaquin','A032'),
('CIE03','Ciencias',3,'Jocelyn Sarai','A032'),
('SOC04','Sociales',4,'Carlos Jose','A032'),
('ING05','Ingles',5,'Jeimy Beatriz','A032'),
('DSF01','Desarrollo software',6,'Veronica Elizabeth','A032'),
('CTVDD','Creatividad',7,'Jhosselin Maricela','A032'),
('TECNO','Tecnologia',8,'Carmen Abigail','A032'),
('INFOR','Informatica',9,'Julio Enrique','A032'),
('COCOS','Contabilidad Costos',10,'Melissa Candragena','A032'),
('SEMIN','Seminario',11,'Enrique Cordova','A032'),
('LEN01','Lenguaje',1,'Roberto Miguel','A033'),
('MAT02','Matematicas',2,'Manuel Joaquin','A033'),
('CIE03','Ciencias',3,'Jocelyn Sarai','A033'),
('SOC04','Sociales',4,'Carlos Jose','A033'),
('ING05','Ingles',5,'Jeimy Beatriz','A033'),
('DSF01','Desarrollo software',6,'Veronica Elizabeth','A033'),
('CTVDD','Creatividad',7,'Jhosselin Maricela','A033'),
('TECNO','Tecnologia',8,'Carmen Abigail','A033'),
('INFOR','Informatica',9,'Julio Enrique','A033'),
('COCOS','Contabilidad Costos',10,'Melissa Candragena','A033'),
('SEMIN','Seminario',11,'Enrique Cordova','A033'),
('LEN01','Lenguaje',1,'Roberto Miguel','A034'),
('MAT02','Matematicas',2,'Manuel Joaquin','A034'),
('CIE03','Ciencias',3,'Jocelyn Sarai','A034'),
('SOC04','Sociales',4,'Carlos Jose','A034'),
('ING05','Ingles',5,'Jeimy Beatriz','A034'),
('DSF01','Desarrollo software',6,'Veronica Elizabeth','A034'),
('CTVDD','Creatividad',7,'Jhosselin Maricela','A034'),
('TECNO','Tecnologia',8,'Carmen Abigail','A034'),
('INFOR','Informatica',9,'Julio Enrique','A034'),
('COCOS','Contabilidad Costos',10,'Melissa Candragena','A034'),
('SEMIN','Seminario',11,'Enrique Cordova','A034'),
('LEN01','Lenguaje',1,'Roberto Miguel','A035'),
('MAT02','Matematicas',2,'Manuel Joaquin','A035'),
('CIE03','Ciencias',3,'Jocelyn Sarai','A035'),
('SOC04','Sociales',4,'Carlos Jose','A035'),
('ING05','Ingles',5,'Jeimy Beatriz','A035'),
('DSF01','Desarrollo software',6,'Veronica Elizabeth','A035'),
('CTVDD','Creatividad',7,'Jhosselin Maricela','A035'),
('TECNO','Tecnologia',8,'Carmen Abigail','A035'),
('INFOR','Informatica',9,'Julio Enrique','A035'),
('COCOS','Contabilidad Costos',10,'Melissa Candragena','A035'),
('SEMIN','Seminario',11,'Enrique Cordova','A035'),
('LEN01','Lenguaje',1,'Roberto Miguel','A036'),
('MAT02','Matematicas',2,'Manuel Joaquin','A036'),
('CIE03','Ciencias',3,'Jocelyn Sarai','A036'),
('SOC04','Sociales',4,'Carlos Jose','A036'),
('ING05','Ingles',5,'Jeimy Beatriz','A036'),
('DSF01','Desarrollo software',6,'Veronica Elizabeth','A036'),
('CTVDD','Creatividad',7,'Jhosselin Maricela','A036'),
('TECNO','Tecnologia',8,'Carmen Abigail','A036'),
('INFOR','Informatica',9,'Julio Enrique','A036'),
('COCOS','Contabilidad Costos',10,'Melissa Candragena','A036'),
('SEMIN','Seminario',11,'Enrique Cordova','A036'),
('LEN01','Lenguaje',1,'Roberto Miguel','A037'),
('MAT02','Matematicas',2,'Manuel Joaquin','A037'),
('CIE03','Ciencias',3,'Jocelyn Sarai','A037'),
('SOC04','Sociales',4,'Carlos Jose','A037'),
('ING05','Ingles',5,'Jeimy Beatriz','A037'),
('DSF01','Desarrollo software',6,'Veronica Elizabeth','A037'),
('CTVDD','Creatividad',7,'Jhosselin Maricela','A037'),
('TECNO','Tecnologia',8,'Carmen Abigail','A037'),
('INFOR','Informatica',9,'Julio Enrique','A037'),
('COCOS','Contabilidad Costos',10,'Melissa Candragena','A037'),
('SEMIN','Seminario',11,'Enrique Cordova','A037'),
('LEN01','Lenguaje',1,'Roberto Miguel','B001'),
('MAT02','Matematicas',2,'Manuel Joaquin','B001'),
('CIE03','Ciencias',3,'Jocelyn Sarai','B001'),
('SOC04','Sociales',4,'Carlos Jose','B001'),
('ING05','Ingles',5,'Jeimy Beatriz','B001'),
('DSF01','Desarrollo software',6,'Veronica Elizabeth','B001'),
('CTVDD','Creatividad',7,'Jhosselin Maricela','B001'),
('TECNO','Tecnologia',8,'Carmen Abigail','B001'),
('INFOR','Informatica',9,'Julio Enrique','B001'),
('COCOS','Contabilidad Costos',10,'Melissa Candragena','B001'),
('SEMIN','Seminario',11,'Enrique Cordova','B001'),
('LEN01','Lenguaje',1,'Roberto Miguel','B002'),
('MAT02','Matematicas',2,'Manuel Joaquin','B002'),
('CIE03','Ciencias',3,'Jocelyn Sarai','B002'),
('SOC04','Sociales',4,'Carlos Jose','B002'),
('ING05','Ingles',5,'Jeimy Beatriz','B002'),
('DSF01','Desarrollo software',6,'Veronica Elizabeth','B002'),
('CTVDD','Creatividad',7,'Jhosselin Maricela','B002'),
('TECNO','Tecnologia',8,'Carmen Abigail','B002'),
('INFOR','Informatica',9,'Julio Enrique','B002'),
('COCOS','Contabilidad Costos',10,'Melissa Candragena','B002'),
('SEMIN','Seminario',11,'Enrique Cordova','B002'),
('LEN01','Lenguaje',1,'Roberto Miguel','B003'),
('MAT02','Matematicas',2,'Manuel Joaquin','B003'),
('CIE03','Ciencias',3,'Jocelyn Sarai','B003'),
('SOC04','Sociales',4,'Carlos Jose','B003'),
('ING05','Ingles',5,'Jeimy Beatriz','B003'),
('DSF01','Desarrollo software',6,'Veronica Elizabeth','B003'),
('CTVDD','Creatividad',7,'Jhosselin Maricela','B003'),
('TECNO','Tecnologia',8,'Carmen Abigail','B003'),
('INFOR','Informatica',9,'Julio Enrique','B003'),
('COCOS','Contabilidad Costos',10,'Melissa Candragena','B003'),
('SEMIN','Seminario',11,'Enrique Cordova','B003'),
('LEN01','Lenguaje',1,'Roberto Miguel','C001'),
('MAT02','Matematicas',2,'Manuel Joaquin','C001'),
('CIE03','Ciencias',3,'Jocelyn Sarai','C001'),
('SOC04','Sociales',4,'Carlos Jose','C001'),
('ING05','Ingles',5,'Jeimy Beatriz','C001'),
('HAL01','Habilitacion laboral',12,'Monica Lobos','C001'),
('SEMIN','Seminario',11,'Enrique Cordova','C001'),
('HOSYT','Hosteleria y turismo',13,'Evelin Jamileth','C001'),
('COMER','Comercializacion',14,'Rodrigo Portillo','C001'),
('INFOR','Informatica',9,'Julio Enrique','C001'),
('LEN01','Lenguaje',1,'Roberto Miguel','C002'),
('MAT02','Matematicas',2,'Manuel Joaquin','C002'),
('CIE03','Ciencias',3,'Jocelyn Sarai','C002'),
('SOC04','Sociales',4,'Carlos Jose','C002'),
('ING05','Ingles',5,'Jeimy Beatriz','C002'),
('HAL01','Habilitacion laboral',12,'Monica Lobos','C002'),
('SEMIN','Seminario',11,'Enrique Cordova','C002'),
('HOSYT','Hosteleria y turismo',13,'Evelin Jamileth','C002'),
('COMER','Comercializacion',14,'Rodrigo Portillo','C002'),
('INFOR','Informatica',9,'Julio Enrique','C002'),
('LEN01','Lenguaje',1,'Roberto Miguel','C003'),
('MAT02','Matematicas',2,'Manuel Joaquin','C003'),
('CIE03','Ciencias',3,'Jocelyn Sarai','C003'),
('SOC04','Sociales',4,'Carlos Jose','C003'),
('ING05','Ingles',5,'Jeimy Beatriz','C003'),
('HAL01','Habilitacion laboral',12,'Monica Lobos','C003'),
('SEMIN','Seminario',11,'Enrique Cordova','C003'),
('HOSYT','Hosteleria y turismo',13,'Evelin Jamileth','C003'),
('COMER','Comercializacion',14,'Rodrigo Portillo','C003'),
('INFOR','Informatica',9,'Julio Enrique','C003'),
('LEN01','Lenguaje',1,'Roberto Miguel','C004'),
('MAT02','Matematicas',2,'Manuel Joaquin','C004'),
('CIE03','Ciencias',3,'Jocelyn Sarai','C004'),
('SOC04','Sociales',4,'Carlos Jose','C004'),
('ING05','Ingles',5,'Jeimy Beatriz','C004'),
('HAL01','Habilitacion laboral',12,'Monica Lobos','C004'),
('SEMIN','Seminario',11,'Enrique Cordova','C004'),
('HOSYT','Hosteleria y turismo',13,'Evelin Jamileth','C004'),
('COMER','Comercializacion',14,'Rodrigo Portillo','C004'),
('INFOR','Informatica',9,'Julio Enrique','C004'),
('LEN01','Lenguaje',1,'Roberto Miguel','C005'),
('MAT02','Matematicas',2,'Manuel Joaquin','C005'),
('CIE03','Ciencias',3,'Jocelyn Sarai','C005'),
('SOC04','Sociales',4,'Carlos Jose','C005'),
('ING05','Ingles',5,'Jeimy Beatriz','C005'),
('HAL01','Habilitacion laboral',12,'Monica Lobos','C005'),
('SEMIN','Seminario',11,'Enrique Cordova','C005'),
('HOSYT','Hosteleria y turismo',13,'Evelin Jamileth','C005'),
('COMER','Comercializacion',14,'Rodrigo Portillo','C005'),
('INFOR','Informatica',9,'Julio Enrique','C005'),
('LEN01','Lenguaje',1,'Roberto Miguel','C006'),
('MAT02','Matematicas',2,'Manuel Joaquin','C006'),
('CIE03','Ciencias',3,'Jocelyn Sarai','C006'),
('SOC04','Sociales',4,'Carlos Jose','C006'),
('ING05','Ingles',5,'Jeimy Beatriz','C006'),
('HAL01','Habilitacion laboral',12,'Monica Lobos','C006'),
('SEMIN','Seminario',11,'Enrique Cordova','C006'),
('HOSYT','Hosteleria y turismo',13,'Evelin Jamileth','C006'),
('COMER','Comercializacion',14,'Rodrigo Portillo','C006'),
('INFOR','Informatica',9,'Julio Enrique','C006'),
('LEN01','Lenguaje',1,'Roberto Miguel','C007'),
('MAT02','Matematicas',2,'Manuel Joaquin','C007'),
('CIE03','Ciencias',3,'Jocelyn Sarai','C007'),
('SOC04','Sociales',4,'Carlos Jose','C007'),
('ING05','Ingles',5,'Jeimy Beatriz','C007'),
('HAL01','Habilitacion laboral',12,'Monica Lobos','C007'),
('SEMIN','Seminario',11,'Enrique Cordova','C007'),
('HOSYT','Hosteleria y turismo',13,'Evelin Jamileth','C007'),
('COMER','Comercializacion',14,'Rodrigo Portillo','C007'),
('INFOR','Informatica',9,'Julio Enrique','C007'),
('LEN01','Lenguaje',1,'Roberto Miguel','C008'),
('MAT02','Matematicas',2,'Manuel Joaquin','C008'),
('CIE03','Ciencias',3,'Jocelyn Sarai','C008'),
('SOC04','Sociales',4,'Carlos Jose','C008'),
('ING05','Ingles',5,'Jeimy Beatriz','C008'),
('HAL01','Habilitacion laboral',12,'Monica Lobos','C008'),
('SEMIN','Seminario',11,'Enrique Cordova','C008'),
('HOSYT','Hosteleria y turismo',13,'Evelin Jamileth','C008'),
('COMER','Comercializacion',14,'Rodrigo Portillo','C008'),
('INFOR','Informatica',9,'Julio Enrique','C008'),
('LEN01','Lenguaje',1,'Roberto Miguel','E001'),
('MAT02','Matematicas',2,'Manuel Joaquin','E001'),
('CIE03','Ciencias',3,'Jocelyn Sarai','E001'),
('SOC04','Sociales',4,'Carlos Jose','E001'),
('ING05','Ingles',5,'Jeimy Beatriz','E001'),
('HAL01','Habilitacion laboral',12,'Monica Lobos','E001'),
('SEMIN','Seminario',11,'Enrique Cordova','E001'),
('INFOR','Informatica',9,'Julio Enrique','E001'),
('LEN01','Lenguaje',1,'Roberto Miguel','E002'),
('MAT02','Matematicas',2,'Manuel Joaquin','E002'),
('CIE03','Ciencias',3,'Jocelyn Sarai','E002'),
('SOC04','Sociales',4,'Carlos Jose','E002'),
('ING05','Ingles',5,'Jeimy Beatriz','E002'),
('HAL01','Habilitacion laboral',12,'Monica Lobos','E002'),
('SEMIN','Seminario',11,'Enrique Cordova','E002'),
('INFOR','Informatica',9,'Julio Enrique','E002'),
('LEN01','Lenguaje',1,'Roberto Miguel','E003'),
('MAT02','Matematicas',2,'Manuel Joaquin','E003'),
('CIE03','Ciencias',3,'Jocelyn Sarai','E003'),
('SOC04','Sociales',4,'Carlos Jose','E003'),
('ING05','Ingles',5,'Jeimy Beatriz','E003'),
('HAL01','Habilitacion laboral',12,'Monica Lobos','E003'),
('SEMIN','Seminario',11,'Enrique Cordova','E003'),
('INFOR','Informatica',9,'Julio Enrique','E003'),
('LEN01','Lenguaje',1,'Roberto Miguel','E004'),
('MAT02','Matematicas',2,'Manuel Joaquin','E004'),
('CIE03','Ciencias',3,'Jocelyn Sarai','E004'),
('SOC04','Sociales',4,'Carlos Jose','E004'),
('ING05','Ingles',5,'Jeimy Beatriz','E004'),
('HAL01','Habilitacion laboral',12,'Monica Lobos','E004'),
('SEMIN','Seminario',11,'Enrique Cordova','E004'),
('INFOR','Informatica',9,'Julio Enrique','E004'),
('LEN01','Lenguaje',1,'Roberto Miguel','E005'),
('MAT02','Matematicas',2,'Manuel Joaquin','E005'),
('CIE03','Ciencias',3,'Jocelyn Sarai','E005'),
('SOC04','Sociales',4,'Carlos Jose','E005'),
('ING05','Ingles',5,'Jeimy Beatriz','E005'),
('HAL01','Habilitacion laboral',12,'Monica Lobos','E005'),
('SEMIN','Seminario',11,'Enrique Cordova','E005'),
('INFOR','Informatica',9,'Julio Enrique','E005'),
('LEN01','Lenguaje',1,'Roberto Miguel','E006'),
('MAT02','Matematicas',2,'Manuel Joaquin','E006'),
('CIE03','Ciencias',3,'Jocelyn Sarai','E006'),
('SOC04','Sociales',4,'Carlos Jose','E006'),
('ING05','Ingles',5,'Jeimy Beatriz','E006'),
('HAL01','Habilitacion laboral',12,'Monica Lobos','E006'),
('SEMIN','Seminario',11,'Enrique Cordova','E006'),
('INFOR','Informatica',9,'Julio Enrique','E006'),
('LEN01','Lenguaje',1,'Roberto Miguel','F001'),
('MAT02','Matematicas',2,'Manuel Joaquin','F001'),
('CIE03','Ciencias',3,'Jocelyn Sarai','F001'),
('SOC04','Sociales',4,'Carlos Jose','F001'),
('ING05','Ingles',5,'Jeimy Beatriz','F001'),
('HAL01','Habilitacion laboral',12,'Monica Lobos','F001'),
('SEMIN','Seminario',11,'Enrique Cordova','F001'),
('HOSYT','Hosteleria y turismo',13,'Evelin Jamileth','F001'),
('COMER','Comercializacion',14,'Rodrigo Portillo','F001'),
('INFOR','Informatica',9,'Julio Enrique','F001'),
('LEN01','Lenguaje',1,'Roberto Miguel','F002'),
('MAT02','Matematicas',2,'Manuel Joaquin','F002'),
('CIE03','Ciencias',3,'Jocelyn Sarai','F002'),
('SOC04','Sociales',4,'Carlos Jose','F002'),
('ING05','Ingles',5,'Jeimy Beatriz','F002'),
('HAL01','Habilitacion laboral',12,'Monica Lobos','F002'),
('SEMIN','Seminario',11,'Enrique Cordova','F002'),
('HOSYT','Hosteleria y turismo',13,'Evelin Jamileth','F002'),
('COMER','Comercializacion',14,'Rodrigo Portillo','F002'),
('INFOR','Informatica',9,'Julio Enrique','F002'),
('LEN01','Lenguaje',1,'Roberto Miguel','F003'),
('MAT02','Matematicas',2,'Manuel Joaquin','F003'),
('CIE03','Ciencias',3,'Jocelyn Sarai','F003'),
('SOC04','Sociales',4,'Carlos Jose','F003'),
('ING05','Ingles',5,'Jeimy Beatriz','F003'),
('HAL01','Habilitacion laboral',12,'Monica Lobos','F003'),
('SEMIN','Seminario',11,'Enrique Cordova','F003'),
('HOSYT','Hosteleria y turismo',13,'Evelin Jamileth','F003'),
('COMER','Comercializacion',14,'Rodrigo Portillo','F003'),
('INFOR','Informatica',9,'Julio Enrique','F003'),
('LEN01','Lenguaje',1,'Roberto Miguel','F004'),
('MAT02','Matematicas',2,'Manuel Joaquin','F004'),
('CIE03','Ciencias',3,'Jocelyn Sarai','F004'),
('SOC04','Sociales',4,'Carlos Jose','F004'),
('ING05','Ingles',5,'Jeimy Beatriz','F004'),
('HAL01','Habilitacion laboral',12,'Monica Lobos','F004'),
('SEMIN','Seminario',11,'Enrique Cordova','F004'),
('HOSYT','Hosteleria y turismo',13,'Evelin Jamileth','F004'),
('COMER','Comercializacion',14,'Rodrigo Portillo','F004'),
('INFOR','Informatica',9,'Julio Enrique','F004'),
('LEN01','Lenguaje',1,'Roberto Miguel','F005'),
('MAT02','Matematicas',2,'Manuel Joaquin','F005'),
('CIE03','Ciencias',3,'Jocelyn Sarai','F005'),
('SOC04','Sociales',4,'Carlos Jose','F005'),
('ING05','Ingles',5,'Jeimy Beatriz','F005'),
('HAL01','Habilitacion laboral',12,'Monica Lobos','F005'),
('SEMIN','Seminario',11,'Enrique Cordova','F005'),
('HOSYT','Hosteleria y turismo',13,'Evelin Jamileth','F005'),
('COMER','Comercializacion',14,'Rodrigo Portillo','F005'),
('INFOR','Informatica',9,'Julio Enrique','F005'),
('LEN01','Lenguaje',1,'Roberto Miguel','F006'),
('MAT02','Matematicas',2,'Manuel Joaquin','F006'),
('CIE03','Ciencias',3,'Jocelyn Sarai','F006'),
('SOC04','Sociales',4,'Carlos Jose','F006'),
('ING05','Ingles',5,'Jeimy Beatriz','F006'),
('HAL01','Habilitacion laboral',12,'Monica Lobos','F006'),
('SEMIN','Seminario',11,'Enrique Cordova','F006'),
('HOSYT','Hosteleria y turismo',13,'Evelin Jamileth','F006'),
('COMER','Comercializacion',14,'Rodrigo Portillo','F006'),
('INFOR','Informatica',9,'Julio Enrique','F006'),
('LEN01','Lenguaje',1,'Roberto Miguel','F007'),
('MAT02','Matematicas',2,'Manuel Joaquin','F007'),
('CIE03','Ciencias',3,'Jocelyn Sarai','F007'),
('SOC04','Sociales',4,'Carlos Jose','F007'),
('ING05','Ingles',5,'Jeimy Beatriz','F007'),
('HAL01','Habilitacion laboral',12,'Monica Lobos','F007'),
('SEMIN','Seminario',11,'Enrique Cordova','F007'),
('HOSYT','Hosteleria y turismo',13,'Evelin Jamileth','F007'),
('COMER','Comercializacion',14,'Rodrigo Portillo','F007'),
('INFOR','Informatica',9,'Julio Enrique','F007'),
('LEN01','Lenguaje',1,'Roberto Miguel','F008'),
('MAT02','Matematicas',2,'Manuel Joaquin','F008'),
('CIE03','Ciencias',3,'Jocelyn Sarai','F008'),
('SOC04','Sociales',4,'Carlos Jose','F008'),
('ING05','Ingles',5,'Jeimy Beatriz','F008'),
('HAL01','Habilitacion laboral',12,'Monica Lobos','F008'),
('SEMIN','Seminario',11,'Enrique Cordova','F008'),
('HOSYT','Hosteleria y turismo',13,'Evelin Jamileth','F008'),
('COMER','Comercializacion',14,'Rodrigo Portillo','F008'),
('INFOR','Informatica',9,'Julio Enrique','F008'),
('LEN01','Lenguaje',1,'Roberto Miguel','F009'),
('MAT02','Matematicas',2,'Manuel Joaquin','F009'),
('CIE03','Ciencias',3,'Jocelyn Sarai','F009'),
('SOC04','Sociales',4,'Carlos Jose','F009'),
('ING05','Ingles',5,'Jeimy Beatriz','F009'),
('HAL01','Habilitacion laboral',12,'Monica Lobos','F009'),
('SEMIN','Seminario',11,'Enrique Cordova','F009'),
('HOSYT','Hosteleria y turismo',13,'Evelin Jamileth','F009'),
('COMER','Comercializacion',14,'Rodrigo Portillo','F009'),
('INFOR','Informatica',9,'Julio Enrique','F009'),
('LEN01','Lenguaje',1,'Roberto Miguel','F010'),
('MAT02','Matematicas',2,'Manuel Joaquin','F010'),
('CIE03','Ciencias',3,'Jocelyn Sarai','F010'),
('SOC04','Sociales',4,'Carlos Jose','F010'),
('ING05','Ingles',5,'Jeimy Beatriz','F010'),
('HAL01','Habilitacion laboral',12,'Monica Lobos','F010'),
('SEMIN','Seminario',11,'Enrique Cordova','F010'),
('HOSYT','Hosteleria y turismo',13,'Evelin Jamileth','F010'),
('COMER','Comercializacion',14,'Rodrigo Portillo','F010'),
('INFOR','Informatica',9,'Julio Enrique','F010'),
('LEN01','Lenguaje',1,'Roberto Miguel','F011'),
('MAT02','Matematicas',2,'Manuel Joaquin','F011'),
('CIE03','Ciencias',3,'Jocelyn Sarai','F011'),
('SOC04','Sociales',4,'Carlos Jose','F011'),
('ING05','Ingles',5,'Jeimy Beatriz','F011'),
('HAL01','Habilitacion laboral',12,'Monica Lobos','F011'),
('SEMIN','Seminario',11,'Enrique Cordova','F011'),
('HOSYT','Hosteleria y turismo',13,'Evelin Jamileth','F011'),
('COMER','Comercializacion',14,'Rodrigo Portillo','F011'),
('INFOR','Informatica',9,'Julio Enrique','F011'),
('LEN01','Lenguaje',1,'Roberto Miguel','F012'),
('MAT02','Matematicas',2,'Manuel Joaquin','F012'),
('CIE03','Ciencias',3,'Jocelyn Sarai','F012'),
('SOC04','Sociales',4,'Carlos Jose','F012'),
('ING05','Ingles',5,'Jeimy Beatriz','F012'),
('DSF01','Desarrollo software',6,'Veronica Elizabeth','F012'),
('CTVDD','Creatividad',7,'Jhosselin Maricela','F012'),
('TECNO','Tecnologia',8,'Carmen Abigail','F012'),
('INFOR','Informatica',9,'Julio Enrique','F012'),
('COCOS','Contabilidad Costos',10,'Melissa Candragena','F012'),
('SEMIN','Seminario',11,'Enrique Cordova','F012'),
('LEN01','Lenguaje',1,'Roberto Miguel','F013'),
('MAT02','Matematicas',2,'Manuel Joaquin','F013'),
('CIE03','Ciencias',3,'Jocelyn Sarai','F013'),
('SOC04','Sociales',4,'Carlos Jose','F013'),
('ING05','Ingles',5,'Jeimy Beatriz','F013'),
('DSF01','Desarrollo software',6,'Veronica Elizabeth','F013'),
('CTVDD','Creatividad',7,'Jhosselin Maricela','F013'),
('TECNO','Tecnologia',8,'Carmen Abigail','F013'),
('INFOR','Informatica',9,'Julio Enrique','F013'),
('COCOS','Contabilidad Costos',10,'Melissa Candragena','F013'),
('SEMIN','Seminario',11,'Enrique Cordova','F013'),
('LEN01','Lenguaje',1,'Roberto Miguel','F014'),
('MAT02','Matematicas',2,'Manuel Joaquin','F014'),
('CIE03','Ciencias',3,'Jocelyn Sarai','F014'),
('SOC04','Sociales',4,'Carlos Jose','F014'),
('ING05','Ingles',5,'Jeimy Beatriz','F014'),
('DSF01','Desarrollo software',6,'Veronica Elizabeth','F014'),
('CTVDD','Creatividad',7,'Jhosselin Maricela','F014'),
('TECNO','Tecnologia',8,'Carmen Abigail','F014'),
('INFOR','Informatica',9,'Julio Enrique','F014'),
('COCOS','Contabilidad Costos',10,'Melissa Candragena','F014'),
('SEMIN','Seminario',11,'Enrique Cordova','F014'),
('LEN01','Lenguaje',1,'Roberto Miguel','F015'),
('MAT02','Matematicas',2,'Manuel Joaquin','F015'),
('CIE03','Ciencias',3,'Jocelyn Sarai','F015'),
('SOC04','Sociales',4,'Carlos Jose','F015'),
('ING05','Ingles',5,'Jeimy Beatriz','F015'),
('DSF01','Desarrollo software',6,'Veronica Elizabeth','F015'),
('CTVDD','Creatividad',7,'Jhosselin Maricela','F015'),
('TECNO','Tecnologia',8,'Carmen Abigail','F015'),
('INFOR','Informatica',9,'Julio Enrique','F015'),
('COCOS','Contabilidad Costos',10,'Melissa Candragena','F015'),
('SEMIN','Seminario',11,'Enrique Cordova','F015'),
('LEN01','Lenguaje',1,'Roberto Miguel','F016'),
('MAT02','Matematicas',2,'Manuel Joaquin','F016'),
('CIE03','Ciencias',3,'Jocelyn Sarai','F016'),
('SOC04','Sociales',4,'Carlos Jose','F016'),
('ING05','Ingles',5,'Jeimy Beatriz','F016'),
('HAL01','Habilitacion laboral',12,'Monica Lobos','F016'),
('SEMIN','Seminario',11,'Enrique Cordova','F016'),
('HOSYT','Hosteleria y turismo',13,'Evelin Jamileth','F016'),
('COMER','Comercializacion',14,'Rodrigo Portillo','F016'),
('INFOR','Informatica',9,'Julio Enrique','F016'),
('LEN01','Lenguaje',1,'Roberto Miguel','F017'),
('MAT02','Matematicas',2,'Manuel Joaquin','F017'),
('CIE03','Ciencias',3,'Jocelyn Sarai','F017'),
('SOC04','Sociales',4,'Carlos Jose','F017'),
('ING05','Ingles',5,'Jeimy Beatriz','F017'),
('HAL01','Habilitacion laboral',12,'Monica Lobos','F017'),
('SEMIN','Seminario',11,'Enrique Cordova','F017'),
('HOSYT','Hosteleria y turismo',13,'Evelin Jamileth','F017'),
('COMER','Comercializacion',14,'Rodrigo Portillo','F017'),
('INFOR','Informatica',9,'Julio Enrique','F017'),
('LEN01','Lenguaje',1,'Roberto Miguel','F018'),
('MAT02','Matematicas',2,'Manuel Joaquin','F018'),
('CIE03','Ciencias',3,'Jocelyn Sarai','F018'),
('SOC04','Sociales',4,'Carlos Jose','F018'),
('ING05','Ingles',5,'Jeimy Beatriz','F018'),
('HAL01','Habilitacion laboral',12,'Monica Lobos','F018'),
('SEMIN','Seminario',11,'Enrique Cordova','F018'),
('HOSYT','Hosteleria y turismo',13,'Evelin Jamileth','F018'),
('COMER','Comercializacion',14,'Rodrigo Portillo','F018'),
('INFOR','Informatica',9,'Julio Enrique','F018'),
('LEN01','Lenguaje',1,'Roberto Miguel','F020'),
('MAT02','Matematicas',2,'Manuel Joaquin','F020'),
('CIE03','Ciencias',3,'Jocelyn Sarai','F020'),
('SOC04','Sociales',4,'Carlos Jose','F020'),
('ING05','Ingles',5,'Jeimy Beatriz','F020'),
('HAL01','Habilitacion laboral',12,'Monica Lobos','F020'),
('SEMIN','Seminario',11,'Enrique Cordova','F020'),
('HOSYT','Hosteleria y turismo',13,'Evelin Jamileth','F020'),
('COMER','Comercializacion',14,'Rodrigo Portillo','F020'),
('INFOR','Informatica',9,'Julio Enrique','F020'),
('LEN01','Lenguaje',1,'Roberto Miguel','F021'),
('MAT02','Matematicas',2,'Manuel Joaquin','F021'),
('CIE03','Ciencias',3,'Jocelyn Sarai','F021'),
('SOC04','Sociales',4,'Carlos Jose','F021'),
('ING05','Ingles',5,'Jeimy Beatriz','F021'),
('DSF01','Desarrollo software',6,'Veronica Elizabeth','F021'),
('CTVDD','Creatividad',7,'Jhosselin Maricela','F021'),
('TECNO','Tecnologia',8,'Carmen Abigail','F021'),
('INFOR','Informatica',9,'Julio Enrique','F021'),
('COCOS','Contabilidad Costos',10,'Melissa Candragena','F021'),
('SEMIN','Seminario',11,'Enrique Cordova','F021'),
('LEN01','Lenguaje',1,'Roberto Miguel','F022'),
('MAT02','Matematicas',2,'Manuel Joaquin','F022'),
('CIE03','Ciencias',3,'Jocelyn Sarai','F022'),
('SOC04','Sociales',4,'Carlos Jose','F022'),
('ING05','Ingles',5,'Jeimy Beatriz','F022'),
('DSF01','Desarrollo software',6,'Veronica Elizabeth','F022'),
('CTVDD','Creatividad',7,'Jhosselin Maricela','F022'),
('TECNO','Tecnologia',8,'Carmen Abigail','F022'),
('INFOR','Informatica',9,'Julio Enrique','F022'),
('COCOS','Contabilidad Costos',10,'Melissa Candragena','F022'),
('SEMIN','Seminario',11,'Enrique Cordova','F022'),
('LEN01','Lenguaje',1,'Roberto Miguel','F023'),
('MAT02','Matematicas',2,'Manuel Joaquin','F023'),
('CIE03','Ciencias',3,'Jocelyn Sarai','F023'),
('SOC04','Sociales',4,'Carlos Jose','F023'),
('ING05','Ingles',5,'Jeimy Beatriz','F023'),
('DSF01','Desarrollo software',6,'Veronica Elizabeth','F023'),
('CTVDD','Creatividad',7,'Jhosselin Maricela','F023'),
('TECNO','Tecnologia',8,'Carmen Abigail','F023'),
('INFOR','Informatica',9,'Julio Enrique','F023'),
('COCOS','Contabilidad Costos',10,'Melissa Candragena','F023'),
('SEMIN','Seminario',11,'Enrique Cordova','F023'),
('LEN01','Lenguaje',1,'Roberto Miguel','F024'),
('MAT02','Matematicas',2,'Manuel Joaquin','F024'),
('CIE03','Ciencias',3,'Jocelyn Sarai','F024'),
('SOC04','Sociales',4,'Carlos Jose','F024'),
('ING05','Ingles',5,'Jeimy Beatriz','F024'),
('HAL01','Habilitacion laboral',12,'Monica Lobos','F024'),
('SEMIN','Seminario',11,'Enrique Cordova','F024'),
('HOSYT','Hosteleria y turismo',13,'Evelin Jamileth','F024'),
('COMER','Comercializacion',14,'Rodrigo Portillo','F024'),
('INFOR','Informatica',9,'Julio Enrique','F024'),
('LEN01','Lenguaje',1,'Roberto Miguel','F025'),
('MAT02','Matematicas',2,'Manuel Joaquin','F025'),
('CIE03','Ciencias',3,'Jocelyn Sarai','F025'),
('SOC04','Sociales',4,'Carlos Jose','F025'),
('ING05','Ingles',5,'Jeimy Beatriz','F025'),
('HAL01','Habilitacion laboral',12,'Monica Lobos','F025'),
('SEMIN','Seminario',11,'Enrique Cordova','F025'),
('HOSYT','Hosteleria y turismo',13,'Evelin Jamileth','F025'),
('COMER','Comercializacion',14,'Rodrigo Portillo','F025'),
('INFOR','Informatica',9,'Julio Enrique','F025'),
('LEN01','Lenguaje',1,'Roberto Miguel','F026'),
('MAT02','Matematicas',2,'Manuel Joaquin','F026'),
('CIE03','Ciencias',3,'Jocelyn Sarai','F026'),
('SOC04','Sociales',4,'Carlos Jose','F026'),
('ING05','Ingles',5,'Jeimy Beatriz','F026'),
('DSF01','Desarrollo software',6,'Veronica Elizabeth','F026'),
('CTVDD','Creatividad',7,'Jhosselin Maricela','F026'),
('TECNO','Tecnologia',8,'Carmen Abigail','F026'),
('INFOR','Informatica',9,'Julio Enrique','F026'),
('COCOS','Contabilidad Costos',10,'Melissa Candragena','F026'),
('SEMIN','Seminario',11,'Enrique Cordova','F026'),
('LEN01','Lenguaje',1,'Roberto Miguel','F027'),
('MAT02','Matematicas',2,'Manuel Joaquin','F027'),
('CIE03','Ciencias',3,'Jocelyn Sarai','F027'),
('SOC04','Sociales',4,'Carlos Jose','F027'),
('ING05','Ingles',5,'Jeimy Beatriz','F027'),
('HAL01','Habilitacion laboral',12,'Monica Lobos','F027'),
('SEMIN','Seminario',11,'Enrique Cordova','F027'),
('HOSYT','Hosteleria y turismo',13,'Evelin Jamileth','F027'),
('COMER','Comercializacion',14,'Rodrigo Portillo','F027'),
('INFOR','Informatica',9,'Julio Enrique','F027'),
('LEN01','Lenguaje',1,'Roberto Miguel','F028'),
('MAT02','Matematicas',2,'Manuel Joaquin','F028'),
('CIE03','Ciencias',3,'Jocelyn Sarai','F028'),
('SOC04','Sociales',4,'Carlos Jose','F028'),
('ING05','Ingles',5,'Jeimy Beatriz','F028'),
('HAL01','Habilitacion laboral',12,'Monica Lobos','F028'),
('SEMIN','Seminario',11,'Enrique Cordova','F028'),
('HOSYT','Hosteleria y turismo',13,'Evelin Jamileth','F028'),
('COMER','Comercializacion',14,'Rodrigo Portillo','F028'),
('INFOR','Informatica',9,'Julio Enrique','F028'),
('LEN01','Lenguaje',1,'Roberto Miguel','F029'),
('MAT02','Matematicas',2,'Manuel Joaquin','F029'),
('CIE03','Ciencias',3,'Jocelyn Sarai','F029'),
('SOC04','Sociales',4,'Carlos Jose','F029'),
('ING05','Ingles',5,'Jeimy Beatriz','F029'),
('DSF01','Desarrollo software',6,'Veronica Elizabeth','F029'),
('CTVDD','Creatividad',7,'Jhosselin Maricela','F029'),
('TECNO','Tecnologia',8,'Carmen Abigail','F029'),
('INFOR','Informatica',9,'Julio Enrique','F029'),
('COCOS','Contabilidad Costos',10,'Melissa Candragena','F029'),
('SEMIN','Seminario',11,'Enrique Cordova','F029'),
('LEN01','Lenguaje',1,'Roberto Miguel','F030'),
('MAT02','Matematicas',2,'Manuel Joaquin','F030'),
('CIE03','Ciencias',3,'Jocelyn Sarai','F030'),
('SOC04','Sociales',4,'Carlos Jose','F030'),
('ING05','Ingles',5,'Jeimy Beatriz','F030'),
('HAL01','Habilitacion laboral',12,'Monica Lobos','F030'),
('SEMIN','Seminario',11,'Enrique Cordova','F030'),
('HOSYT','Hosteleria y turismo',13,'Evelin Jamileth','F030'),
('COMER','Comercializacion',14,'Rodrigo Portillo','F030'),
('INFOR','Informatica',9,'Julio Enrique','F030'),
('LEN01','Lenguaje',1,'Roberto Miguel','G001'),
('MAT02','Matematicas',2,'Manuel Joaquin','G001'),
('CIE03','Ciencias',3,'Jocelyn Sarai','G001'),
('SOC04','Sociales',4,'Carlos Jose','G001'),
('ING05','Ingles',5,'Jeimy Beatriz','G001'),
('HAL01','Habilitacion laboral',12,'Monica Lobos','G001'),
('SEMIN','Seminario',11,'Enrique Cordova','G001'),
('HOSYT','Hosteleria y turismo',13,'Evelin Jamileth','G001'),
('COMER','Comercializacion',14,'Rodrigo Portillo','G001'),
('INFOR','Informatica',9,'Julio Enrique','G001'),
('LEN01','Lenguaje',1,'Roberto Miguel','G002'),
('MAT02','Matematicas',2,'Manuel Joaquin','G002'),
('CIE03','Ciencias',3,'Jocelyn Sarai','G002'),
('SOC04','Sociales',4,'Carlos Jose','G002'),
('ING05','Ingles',5,'Jeimy Beatriz','G002'),
('DSF01','Desarrollo software',6,'Veronica Elizabeth','G002'),
('CTVDD','Creatividad',7,'Jhosselin Maricela','G002'),
('TECNO','Tecnologia',8,'Carmen Abigail','G002'),
('INFOR','Informatica',9,'Julio Enrique','G002'),
('COCOS','Contabilidad Costos',10,'Melissa Candragena','G002'),
('SEMIN','Seminario',11,'Enrique Cordova','G002'),
('LEN01','Lenguaje',1,'Roberto Miguel','G003'),
('MAT02','Matematicas',2,'Manuel Joaquin','G003'),
('CIE03','Ciencias',3,'Jocelyn Sarai','G003'),
('SOC04','Sociales',4,'Carlos Jose','G003'),
('ING05','Ingles',5,'Jeimy Beatriz','G003'),
('HAL01','Habilitacion laboral',12,'Monica Lobos','G003'),
('SEMIN','Seminario',11,'Enrique Cordova','G003'),
('HOSYT','Hosteleria y turismo',13,'Evelin Jamileth','G003'),
('COMER','Comercializacion',14,'Rodrigo Portillo','G003'),
('INFOR','Informatica',9,'Julio Enrique','G003'),
('LEN01','Lenguaje',1,'Roberto Miguel','G004'),
('MAT02','Matematicas',2,'Manuel Joaquin','G004'),
('CIE03','Ciencias',3,'Jocelyn Sarai','G004'),
('SOC04','Sociales',4,'Carlos Jose','G004'),
('ING05','Ingles',5,'Jeimy Beatriz','G004'),
('HAL01','Habilitacion laboral',12,'Monica Lobos','G004'),
('SEMIN','Seminario',11,'Enrique Cordova','G004'),
('HOSYT','Hosteleria y turismo',13,'Evelin Jamileth','G004'),
('COMER','Comercializacion',14,'Rodrigo Portillo','G004'),
('INFOR','Informatica',9,'Julio Enrique','G004'),
('LEN01','Lenguaje',1,'Roberto Miguel','G005'),
('MAT02','Matematicas',2,'Manuel Joaquin','G005'),
('CIE03','Ciencias',3,'Jocelyn Sarai','G005'),
('SOC04','Sociales',4,'Carlos Jose','G005'),
('ING05','Ingles',5,'Jeimy Beatriz','G005'),
('DSF01','Desarrollo software',6,'Veronica Elizabeth','G005'),
('CTVDD','Creatividad',7,'Jhosselin Maricela','G005'),
('TECNO','Tecnologia',8,'Carmen Abigail','G005'),
('INFOR','Informatica',9,'Julio Enrique','G005'),
('COCOS','Contabilidad Costos',10,'Melissa Candragena','G005'),
('SEMIN','Seminario',11,'Enrique Cordova','G005'),
('LEN01','Lenguaje',1,'Roberto Miguel','G006'),
('MAT02','Matematicas',2,'Manuel Joaquin','G006'),
('CIE03','Ciencias',3,'Jocelyn Sarai','G006'),
('SOC04','Sociales',4,'Carlos Jose','G006'),
('ING05','Ingles',5,'Jeimy Beatriz','G006'),
('HAL01','Habilitacion laboral',12,'Monica Lobos','G006'),
('SEMIN','Seminario',11,'Enrique Cordova','G006'),
('HOSYT','Hosteleria y turismo',13,'Evelin Jamileth','G006'),
('COMER','Comercializacion',14,'Rodrigo Portillo','G006'),
('INFOR','Informatica',9,'Julio Enrique','G006'),
('LEN01','Lenguaje',1,'Roberto Miguel','G007');
go
insert into AsignaturasAlumnos values
('MAT02','Matematicas',2,'Manuel Joaquin','G007'),
('CIE03','Ciencias',3,'Jocelyn Sarai','G007'),
('SOC04','Sociales',4,'Carlos Jose','G007'),
('ING05','Ingles',5,'Jeimy Beatriz','G007'),
('DSF01','Desarrollo software',6,'Veronica Elizabeth','G007'),
('CTVDD','Creatividad',7,'Jhosselin Maricela','G007'),
('TECNO','Tecnologia',8,'Carmen Abigail','G007'),
('INFOR','Informatica',9,'Julio Enrique','G007'),
('COCOS','Contabilidad Costos',10,'Melissa Candragena','G007'),
('SEMIN','Seminario',11,'Enrique Cordova','G007'),
('LEN01','Lenguaje',1,'Roberto Miguel','G008'),
('MAT02','Matematicas',2,'Manuel Joaquin','G008'),
('CIE03','Ciencias',3,'Jocelyn Sarai','G008'),
('SOC04','Sociales',4,'Carlos Jose','G008'),
('ING05','Ingles',5,'Jeimy Beatriz','G008'),
('DSF01','Desarrollo software',6,'Veronica Elizabeth','G008'),
('CTVDD','Creatividad',7,'Jhosselin Maricela','G008'),
('TECNO','Tecnologia',8,'Carmen Abigail','G008'),
('INFOR','Informatica',9,'Julio Enrique','G008'),
('COCOS','Contabilidad Costos',10,'Melissa Candragena','G008'),
('SEMIN','Seminario',11,'Enrique Cordova','G008'),
('LEN01','Lenguaje',1,'Roberto Miguel','G009'),
('MAT02','Matematicas',2,'Manuel Joaquin','G009'),
('CIE03','Ciencias',3,'Jocelyn Sarai','G009'),
('SOC04','Sociales',4,'Carlos Jose','G009'),
('ING05','Ingles',5,'Jeimy Beatriz','G009'),
('HAL01','Habilitacion laboral',12,'Monica Lobos','G009'),
('SEMIN','Seminario',11,'Enrique Cordova','G009'),
('HOSYT','Hosteleria y turismo',13,'Evelin Jamileth','G009'),
('COMER','Comercializacion',14,'Rodrigo Portillo','G009'),
('INFOR','Informatica',9,'Julio Enrique','G009'),
('LEN01','Lenguaje',1,'Roberto Miguel','G010'),
('MAT02','Matematicas',2,'Manuel Joaquin','G010'),
('CIE03','Ciencias',3,'Jocelyn Sarai','G010'),
('SOC04','Sociales',4,'Carlos Jose','G010'),
('ING05','Ingles',5,'Jeimy Beatriz','G010'),
('DSF01','Desarrollo software',6,'Veronica Elizabeth','G010'),
('CTVDD','Creatividad',7,'Jhosselin Maricela','G010'),
('TECNO','Tecnologia',8,'Carmen Abigail','G010'),
('INFOR','Informatica',9,'Julio Enrique','G010'),
('COCOS','Contabilidad Costos',10,'Melissa Candragena','G010'),
('SEMIN','Seminario',11,'Enrique Cordova','G010'),
('LEN01','Lenguaje',1,'Roberto Miguel','G011'),
('MAT02','Matematicas',2,'Manuel Joaquin','G011'),
('CIE03','Ciencias',3,'Jocelyn Sarai','G011'),
('SOC04','Sociales',4,'Carlos Jose','G011'),
('ING05','Ingles',5,'Jeimy Beatriz','G011'),
('DSF01','Desarrollo software',6,'Veronica Elizabeth','G011'),
('CTVDD','Creatividad',7,'Jhosselin Maricela','G011'),
('TECNO','Tecnologia',8,'Carmen Abigail','G011'),
('INFOR','Informatica',9,'Julio Enrique','G011'),
('COCOS','Contabilidad Costos',10,'Melissa Candragena','G011'),
('SEMIN','Seminario',11,'Enrique Cordova','G011'),
('LEN01','Lenguaje',1,'Roberto Miguel','G012'),
('MAT02','Matematicas',2,'Manuel Joaquin','G012'),
('CIE03','Ciencias',3,'Jocelyn Sarai','G012'),
('SOC04','Sociales',4,'Carlos Jose','G012'),
('ING05','Ingles',5,'Jeimy Beatriz','G012'),
('DSF01','Desarrollo software',6,'Veronica Elizabeth','G012'),
('CTVDD','Creatividad',7,'Jhosselin Maricela','G012'),
('TECNO','Tecnologia',8,'Carmen Abigail','G012'),
('INFOR','Informatica',9,'Julio Enrique','G012'),
('COCOS','Contabilidad Costos',10,'Melissa Candragena','G012'),
('SEMIN','Seminario',11,'Enrique Cordova','G012'),
('LEN01','Lenguaje',1,'Roberto Miguel','G013'),
('MAT02','Matematicas',2,'Manuel Joaquin','G013'),
('CIE03','Ciencias',3,'Jocelyn Sarai','G013'),
('SOC04','Sociales',4,'Carlos Jose','G013'),
('ING05','Ingles',5,'Jeimy Beatriz','G013'),
('HAL01','Habilitacion laboral',12,'Monica Lobos','G013'),
('SEMIN','Seminario',11,'Enrique Cordova','G013'),
('HOSYT','Hosteleria y turismo',13,'Evelin Jamileth','G013'),
('COMER','Comercializacion',14,'Rodrigo Portillo','G013'),
('INFOR','Informatica',9,'Julio Enrique','G013'),
('LEN01','Lenguaje',1,'Roberto Miguel','G014'),
('MAT02','Matematicas',2,'Manuel Joaquin','G014'),
('CIE03','Ciencias',3,'Jocelyn Sarai','G014'),
('SOC04','Sociales',4,'Carlos Jose','G014'),
('ING05','Ingles',5,'Jeimy Beatriz','G014'),
('HAL01','Habilitacion laboral',12,'Monica Lobos','G014'),
('SEMIN','Seminario',11,'Enrique Cordova','G014'),
('HOSYT','Hosteleria y turismo',13,'Evelin Jamileth','G014'),
('COMER','Comercializacion',14,'Rodrigo Portillo','G014'),
('INFOR','Informatica',9,'Julio Enrique','G014'),
('LEN01','Lenguaje',1,'Roberto Miguel','G015'),
('MAT02','Matematicas',2,'Manuel Joaquin','G015'),
('CIE03','Ciencias',3,'Jocelyn Sarai','G015'),
('SOC04','Sociales',4,'Carlos Jose','G015'),
('ING05','Ingles',5,'Jeimy Beatriz','G015'),
('DSF01','Desarrollo software',6,'Veronica Elizabeth','G015'),
('CTVDD','Creatividad',7,'Jhosselin Maricela','G015'),
('TECNO','Tecnologia',8,'Carmen Abigail','G015'),
('INFOR','Informatica',9,'Julio Enrique','G015'),
('COCOS','Contabilidad Costos',10,'Melissa Candragena','G015'),
('SEMIN','Seminario',11,'Enrique Cordova','G015'),
('LEN01','Lenguaje',1,'Roberto Miguel','G016'),
('MAT02','Matematicas',2,'Manuel Joaquin','G016'),
('CIE03','Ciencias',3,'Jocelyn Sarai','G016'),
('SOC04','Sociales',4,'Carlos Jose','G016'),
('ING05','Ingles',5,'Jeimy Beatriz','G016'),
('DSF01','Desarrollo software',6,'Veronica Elizabeth','G016'),
('CTVDD','Creatividad',7,'Jhosselin Maricela','G016'),
('TECNO','Tecnologia',8,'Carmen Abigail','G016'),
('INFOR','Informatica',9,'Julio Enrique','G016'),
('COCOS','Contabilidad Costos',10,'Melissa Candragena','G016'),
('SEMIN','Seminario',11,'Enrique Cordova','G016'),
('LEN01','Lenguaje',1,'Roberto Miguel','G017'),
('MAT02','Matematicas',2,'Manuel Joaquin','G017'),
('CIE03','Ciencias',3,'Jocelyn Sarai','G017'),
('SOC04','Sociales',4,'Carlos Jose','G017'),
('ING05','Ingles',5,'Jeimy Beatriz','G017'),
('DSF01','Desarrollo software',6,'Veronica Elizabeth','G017'),
('CTVDD','Creatividad',7,'Jhosselin Maricela','G017'),
('TECNO','Tecnologia',8,'Carmen Abigail','G017'),
('INFOR','Informatica',9,'Julio Enrique','G017'),
('COCOS','Contabilidad Costos',10,'Melissa Candragena','G017'),
('SEMIN','Seminario',11,'Enrique Cordova','G017'),
('LEN01','Lenguaje',1,'Roberto Miguel','G018'),
('MAT02','Matematicas',2,'Manuel Joaquin','G018'),
('CIE03','Ciencias',3,'Jocelyn Sarai','G018'),
('SOC04','Sociales',4,'Carlos Jose','G018'),
('ING05','Ingles',5,'Jeimy Beatriz','G018'),
('HAL01','Habilitacion laboral',12,'Monica Lobos','G018'),
('SEMIN','Seminario',11,'Enrique Cordova','G018'),
('HOSYT','Hosteleria y turismo',13,'Evelin Jamileth','G018'),
('COMER','Comercializacion',14,'Rodrigo Portillo','G018'),
('INFOR','Informatica',9,'Julio Enrique','G018'),
('LEN01','Lenguaje',1,'Roberto Miguel','G019'),
('MAT02','Matematicas',2,'Manuel Joaquin','G019'),
('CIE03','Ciencias',3,'Jocelyn Sarai','G019'),
('SOC04','Sociales',4,'Carlos Jose','G019'),
('ING05','Ingles',5,'Jeimy Beatriz','G019'),
('DSF01','Desarrollo software',6,'Veronica Elizabeth','G019'),
('CTVDD','Creatividad',7,'Jhosselin Maricela','G019'),
('TECNO','Tecnologia',8,'Carmen Abigail','G019'),
('INFOR','Informatica',9,'Julio Enrique','G019'),
('COCOS','Contabilidad Costos',10,'Melissa Candragena','G019'),
('SEMIN','Seminario',11,'Enrique Cordova','G019'),
('LEN01','Lenguaje',1,'Roberto Miguel','G021'),
('MAT02','Matematicas',2,'Manuel Joaquin','G021'),
('CIE03','Ciencias',3,'Jocelyn Sarai','G021'),
('SOC04','Sociales',4,'Carlos Jose','G021'),
('ING05','Ingles',5,'Jeimy Beatriz','G021'),
('DSF01','Desarrollo software',6,'Veronica Elizabeth','G021'),
('CTVDD','Creatividad',7,'Jhosselin Maricela','G021'),
('TECNO','Tecnologia',8,'Carmen Abigail','G021'),
('INFOR','Informatica',9,'Julio Enrique','G021'),
('COCOS','Contabilidad Costos',10,'Melissa Candragena','G021'),
('SEMIN','Seminario',11,'Enrique Cordova','G021'),
('LEN01','Lenguaje',1,'Roberto Miguel','G022'),
('MAT02','Matematicas',2,'Manuel Joaquin','G022'),
('CIE03','Ciencias',3,'Jocelyn Sarai','G022'),
('SOC04','Sociales',4,'Carlos Jose','G022'),
('ING05','Ingles',5,'Jeimy Beatriz','G022'),
('HAL01','Habilitacion laboral',12,'Monica Lobos','G022'),
('SEMIN','Seminario',11,'Enrique Cordova','G022'),
('HOSYT','Hosteleria y turismo',13,'Evelin Jamileth','G022'),
('COMER','Comercializacion',14,'Rodrigo Portillo','G022'),
('INFOR','Informatica',9,'Julio Enrique','G022');


-- -> REGISTROS PARA TABLA NOTAS
GO
INSERT INTO Notas(cod_alumno, cod_asignatura, NotaFinal)
VALUES('A001', 'LEN01', 6.0),
	  ('A001', 'MAT02', 6.0),
	  ('A001', 'CIE03', 6.0),
	  ('A001', 'SOC04', 6.0),
	  ('A001', 'ING05', 6.0),
	  ('A002', 'LEN01', 7.0),
	  ('A002', 'MAT02', 7.0),
	  ('A002', 'CIE03', 7.0),
	  ('A002', 'SOC04', 7.0),
	  ('A002', 'ING05', 7.0),
	  ('A003', 'LEN01', 8.0),
	  ('A003', 'MAT02', 8.0),
	  ('A003', 'CIE03', 8.0),
	  ('A003', 'SOC04', 8.0),
	  ('A003', 'ING05', 8.0),
	  ('A004', 'LEN01', 9.0),
	  ('A004', 'MAT02', 9.0),
	  ('A004', 'CIE03', 9.0),
	  ('A004', 'SOC04', 9.0),
	  ('A004', 'ING05', 9.0),
	  ('A005', 'LEN01', 10),
	  ('A005', 'MAT02', 10),
	  ('A005', 'CIE03', 10),
	  ('A005', 'SOC04', 10),
	  ('A005', 'ING05', 10),
	  ('A006', 'LEN01', 6.0),
	  ('A006', 'MAT02', 6.0),
	  ('A006', 'CIE03', 6.0),
	  ('A006', 'SOC04', 6.0),
	  ('A006', 'ING05', 6.0),
	  ('A007', 'LEN01', 7.0),
	  ('A007', 'MAT02', 7.0),
	  ('A007', 'CIE03', 7.0),
	  ('A007', 'SOC04', 7.0),
	  ('A007', 'ING05', 7.0),
	  ('A008', 'LEN01', 9.0),
	  ('A008', 'MAT02', 9.0),
	  ('A008', 'CIE03', 9.0),
	  ('A008', 'SOC04', 9.0),
	  ('A008', 'ING05', 9.0),
	  ('A009', 'LEN01', 7.2),
	  ('A009', 'MAT02', 7.2),
	  ('A009', 'CIE03', 7.2),
	  ('A009', 'SOC04', 7.2),
	  ('A009', 'ING05', 7.2);

-- -> REGISTROS PARA TABLA TRIMESTRE 1
GO
INSERT INTO Trimestre1(cod_alumno, cod_asignatura, Act1, Act2, Exam, promedio1)
VALUES('A001','LEN01',5.0,6.0,7.0,6.0),
	  ('A001','MAT02',5.0,6.0,7.0,6.0),
	  ('A001','CIE03',5.0,6.0,7.0,6.0),
	  ('A001','SOC04',5.0,6.0,7.0,6.0),
	  ('A001','ING05',5.0,6.0,7.0,6.0),
      ('A002','LEN01',7.0,7.0,7.0,7.0),
	  ('A002','MAT02',7.0,7.0,7.0,7.0),
	  ('A002','CIE03',7.0,7.0,7.0,7.0),
	  ('A002','SOC04',7.0,7.0,7.0,7.0),
	  ('A002','ING05',7.0,7.0,7.0,7.0),
	  ('A003','LEN01',8.0,8.0,8.0,8.0),
	  ('A003','MAT02',8.0,8.0,8.0,8.0),
	  ('A003','CIE03',8.0,8.0,8.0,8.0),
	  ('A003','SOC04',8.0,8.0,8.0,8.0),
	  ('A003','ING05',8.0,8.0,8.0,8.0),
	  ('A004','LEN01',9.0,9.0,9.0,9.0),
	  ('A004','MAT02',9.0,9.0,9.0,9.0),
	  ('A004','CIE03',9.0,9.0,9.0,9.0),
	  ('A004','SOC04',9.0,9.0,9.0,9.0),
	  ('A004','ING05',9.0,9.0,9.0,9.0),
	  ('A005','LEN01',10,10,10,10),
	  ('A005','MAT02',10,10,10,10),
	  ('A005','CIE03',10,10,10,10),
	  ('A005','SOC04',10,10,10,10),
	  ('A005','ING05',10,10,10,10),
	  ('A006','LEN01',5.0,6.0,7.0,6.0),
	  ('A006','MAT02',5.0,6.0,7.0,6.0),
	  ('A006','CIE03',5.0,6.0,7.0,6.0),
	  ('A006','SOC04',5.0,6.0,7.0,6.0),
	  ('A006','ING05',5.0,6.0,7.0,6.0),
	  ('A007','LEN01',7.0,7.0,7.0,7.0),
	  ('A007','MAT02',7.0,7.0,7.0,7.0),
	  ('A007','CIE03',7.0,7.0,7.0,7.0),
	  ('A007','SOC04',7.0,7.0,7.0,7.0),
	  ('A007','ING05',7.0,7.0,7.0,7.0),
	  ('A008','LEN01',9.0,9.0,9.0,9.0),
	  ('A008','MAT02',9.0,9.0,9.0,9.0),
	  ('A008','CIE03',9.0,9.0,9.0,9.0),
	  ('A008','SOC04',9.0,9.0,9.0,9.0),
	  ('A008','ING05',9.0,9.0,9.0,9.0),
	  ('A009','LEN01',6.0,7.0,9.0,7.2),
	  ('A009','MAT02',6.0,7.0,9.0,7.2),
	  ('A009','CIE03',6.0,7.0,9.0,7.2),
	  ('A009','SOC04',6.0,7.0,9.0,7.2),
	  ('A009','ING05',6.0,7.0,9.0,7.2);

-- -> REGISTROS PARA TABLA TRIMESTRE 2
GO
INSERT INTO Trimestre2(cod_alumno, cod_asignatura, Act1, Act2, Exam, promedio2)
VALUES('A001','LEN01',5.0,6.0,7.0,6.0),
	  ('A001','MAT02',5.0,6.0,7.0,6.0),
	  ('A001','CIE03',5.0,6.0,7.0,6.0),
	  ('A001','SOC04',5.0,6.0,7.0,6.0),
	  ('A001','ING05',5.0,6.0,7.0,6.0),
      ('A002','LEN01',7.0,7.0,7.0,7.0),
	  ('A002','MAT02',7.0,7.0,7.0,7.0),
	  ('A002','CIE03',7.0,7.0,7.0,7.0),
	  ('A002','SOC04',7.0,7.0,7.0,7.0),
	  ('A002','ING05',7.0,7.0,7.0,7.0),
	  ('A003','LEN01',8.0,8.0,8.0,8.0),
	  ('A003','MAT02',8.0,8.0,8.0,8.0),
	  ('A003','CIE03',8.0,8.0,8.0,8.0),
	  ('A003','SOC04',8.0,8.0,8.0,8.0),
	  ('A003','ING05',8.0,8.0,8.0,8.0),
	  ('A004','LEN01',9.0,9.0,9.0,9.0),
	  ('A004','MAT02',9.0,9.0,9.0,9.0),
	  ('A004','CIE03',9.0,9.0,9.0,9.0),
	  ('A004','SOC04',9.0,9.0,9.0,9.0),
	  ('A004','ING05',9.0,9.0,9.0,9.0),
	  ('A005','LEN01',10,10,10,10),
	  ('A005','MAT02',10,10,10,10),
	  ('A005','CIE03',10,10,10,10),
	  ('A005','SOC04',10,10,10,10),
	  ('A005','ING05',10,10,10,10),
	  ('A006','LEN01',5.0,6.0,7.0,6.0),
	  ('A006','MAT02',5.0,6.0,7.0,6.0),
	  ('A006','CIE03',5.0,6.0,7.0,6.0),
	  ('A006','SOC04',5.0,6.0,7.0,6.0),
	  ('A006','ING05',5.0,6.0,7.0,6.0),
	  ('A007','LEN01',7.0,7.0,7.0,7.0),
	  ('A007','MAT02',7.0,7.0,7.0,7.0),
	  ('A007','CIE03',7.0,7.0,7.0,7.0),
	  ('A007','SOC04',7.0,7.0,7.0,7.0),
	  ('A007','ING05',7.0,7.0,7.0,7.0),
	  ('A008','LEN01',9.0,9.0,9.0,9.0),
	  ('A008','MAT02',9.0,9.0,9.0,9.0),
	  ('A008','CIE03',9.0,9.0,9.0,9.0),
	  ('A008','SOC04',9.0,9.0,9.0,9.0),
	  ('A008','ING05',9.0,9.0,9.0,9.0),
	  ('A009','LEN01',6.0,7.0,9.0,7.2),
	  ('A009','MAT02',6.0,7.0,9.0,7.2),
	  ('A009','CIE03',6.0,7.0,9.0,7.2),
	  ('A009','SOC04',6.0,7.0,9.0,7.2),
	  ('A009','ING05',6.0,7.0,9.0,7.2);

-- -> REGISTROS PARA TABLA TRIMESTRE 3
GO
INSERT INTO Trimestre3(cod_alumno, cod_asignatura, Act1, Act2, Exam, promedio3)
VALUES('A001','LEN01',5.0,6.0,7.0,6.0),
	  ('A001','MAT02',5.0,6.0,7.0,6.0),
	  ('A001','CIE03',5.0,6.0,7.0,6.0),
	  ('A001','SOC04',5.0,6.0,7.0,6.0),
	  ('A001','ING05',5.0,6.0,7.0,6.0),
      ('A002','LEN01',7.0,7.0,7.0,7.0),
	  ('A002','MAT02',7.0,7.0,7.0,7.0),
	  ('A002','CIE03',7.0,7.0,7.0,7.0),
	  ('A002','SOC04',7.0,7.0,7.0,7.0),
	  ('A002','ING05',7.0,7.0,7.0,7.0),
	  ('A003','LEN01',8.0,8.0,8.0,8.0),
	  ('A003','MAT02',8.0,8.0,8.0,8.0),
	  ('A003','CIE03',8.0,8.0,8.0,8.0),
	  ('A003','SOC04',8.0,8.0,8.0,8.0),
	  ('A003','ING05',8.0,8.0,8.0,8.0),
	  ('A004','LEN01',9.0,9.0,9.0,9.0),
	  ('A004','MAT02',9.0,9.0,9.0,9.0),
	  ('A004','CIE03',9.0,9.0,9.0,9.0),
	  ('A004','SOC04',9.0,9.0,9.0,9.0),
	  ('A004','ING05',9.0,9.0,9.0,9.0),
	  ('A005','LEN01',10,10,10,10),
	  ('A005','MAT02',10,10,10,10),
	  ('A005','CIE03',10,10,10,10),
	  ('A005','SOC04',10,10,10,10),
	  ('A005','ING05',10,10,10,10),
	  ('A006','LEN01',5.0,6.0,7.0,6.0),
	  ('A006','MAT02',5.0,6.0,7.0,6.0),
	  ('A006','CIE03',5.0,6.0,7.0,6.0),
	  ('A006','SOC04',5.0,6.0,7.0,6.0),
	  ('A006','ING05',5.0,6.0,7.0,6.0),
	  ('A007','LEN01',7.0,7.0,7.0,7.0),
	  ('A007','MAT02',7.0,7.0,7.0,7.0),
	  ('A007','CIE03',7.0,7.0,7.0,7.0),
	  ('A007','SOC04',7.0,7.0,7.0,7.0),
	  ('A007','ING05',7.0,7.0,7.0,7.0),
	  ('A008','LEN01',9.0,9.0,9.0,9.0),
	  ('A008','MAT02',9.0,9.0,9.0,9.0),
	  ('A008','CIE03',9.0,9.0,9.0,9.0),
	  ('A008','SOC04',9.0,9.0,9.0,9.0),
	  ('A008','ING05',9.0,9.0,9.0,9.0),
	  ('A009','LEN01',6.0,7.0,9.0,7.2),
	  ('A009','MAT02',6.0,7.0,9.0,7.2),
	  ('A009','CIE03',6.0,7.0,9.0,7.2),
	  ('A009','SOC04',6.0,7.0,9.0,7.2),
	  ('A009','ING05',6.0,7.0,9.0,7.2);

/*********************************************************************************************************************************************
											FIN INSERTANDO REGISTROS A LAS TABLAS DEL SISTEMA
*********************************************************************************************************************************************/


/*******************************************************************************************************************************************
													PROCEDIMIENTOS ALMACENADOS DEL SISTEMA
********************************************************************************************************************************************/

-- -> PROCEDIMIENTO ALMACENADO
create procedure resumen
as
begin

	select a.cod_alumno as 'Codigo Alumno',a.cod_asignatura as 'Codigo Asignatura',
	b.promedio1 as 'Promedio 1', c.promedio2 as 'Promedio 2', d.promedio3 as 'Promedio 3',
	a.NotaFinal as 'Nota final' 
	from Notas a inner join Trimestre1 b on a.cod_alumno=b.cod_alumno and a.cod_asignatura=b.cod_asignatura
	inner join Trimestre2 c on a.cod_alumno=c.cod_alumno and a.cod_asignatura=c.cod_asignatura
	inner join Trimestre3 d on  a.cod_alumno=d.cod_alumno and a.cod_asignatura=d.cod_asignatura

end

exec resumen



/*******************************************************************************************************************************************
												     FIN PROCEDIMIENTOS ALMACENADOS DEL SISTEMA
********************************************************************************************************************************************/

/*******************************************************************************************************************************************
													VISTA DEL SISTEMA
********************************************************************************************************************************************/

-- -> VISTA
create view vista_datos
as
select a.cod_alumno,a.cod_asignatura,b.promedio1, c.promedio2, d.promedio3, a.NotaFinal 
	from Notas a inner join Trimestre1 b on a.cod_alumno=b.cod_alumno and a.cod_asignatura=b.cod_asignatura
	inner join Trimestre2 c on a.cod_alumno=c.cod_alumno and a.cod_asignatura=c.cod_asignatura
	inner join Trimestre3 d on  a.cod_alumno=d.cod_alumno and a.cod_asignatura=d.cod_asignatura

select *from vista_datos



/*******************************************************************************************************************************************
												     FIN VISTA DEL SISTEMA
********************************************************************************************************************************************/




/*******************************************************************************************************************************************
											CONSULTAS GENERALES DE TABLAS DEL SISTEMA
********************************************************************************************************************************************/

-- -> PROCEDIMIENTOS EXTRAS
select *from Usuarios				-- USUARIOS {LOGIN DEL SISTEMA}
select *from Docentes				-- DOCENTES
select *from Secciones				-- SECCIONES
select *from Alumnos	            -- ALUMNOS
select *from Asignaturas	    	-- ASIGNATURAS
select *from Notas	             	-- NOTAS
select *from Trimestre1
select *from Trimestre2
select *from Trimestre3
select *from AsignaturasAlumnos

/*******************************************************************************************************************************************
											FIN CONSULTAS GENERALES DE TABLAS DEL SISTEMA
********************************************************************************************************************************************/



/*******************************************************************************************************************************************
													DEPURACION DE TABLAS DEL SISTEMA
********************************************************************************************************************************************/

-- -> PROCEDIMIENTOS EXTRAS
drop table Usuarios				    -- USUARIOS
drop table Docentes				    -- DOCENTES
drop table Secciones				-- SECCIONES
drop table Alumnos	                -- ALUMNOS
drop table Asignaturas	    	    -- ASIGNATURAS
drop table Notas	             	-- NOTAS
drop table Trimestre1
drop table Trimestre2
drop table Trimestre3
drop table AsignaturasAlumnos

/*******************************************************************************************************************************************
												     FIN DEPURACION DE TABLAS DEL SISTEMA
********************************************************************************************************************************************/

/**
    @@@@   @@     @@    @@@@    @@@@@	 @@@@@
	 @@    @@@@   @@   @@	   @@	@@   @@ @@     
	 @@    @@ @@  @@   @@	   @@   @@	 @@@@@ 
	 @@    @@  @@ @@   @@	   @@	@@	 @@ @@
    @@@@   @@   @@@@    @@@@    @@@@@    @@ @@
**/



